n,ts,photo_id,http,scheme,version_uptime_s,version_started_at,response_excerpt
1,2026-06-01T14:42:26.292Z,daily_report:a7a124a2-60f2-425a-9d13-bb3a25f62126:5,200,https,632,2026-06-01T14:31:54.511951+00:00,"{""data_url"":""https://46400762d3027afbb26819a8de8528e6.r2.cloudflarestorage.com/m"
2,2026-06-01T14:42:27.188Z,daily_report:75344e3e-aff3-4542-983f-2d33cac84fbc:4,200,https,632,2026-06-01T14:31:54.511951+00:00,"{""data_url"":""https://46400762d3027afbb26819a8de8528e6.r2.cloudflarestorage.com/m"
3,2026-06-01T14:42:27.684Z,daily_report:1b2e660c-82c3-47ed-9467-ea4dbfdf6ebb:0,200,https,633,2026-06-01T14:31:54.511951+00:00,"{""data_url"":""https://46400762d3027afbb26819a8de8528e6.r2.cloudflarestorage.com/m"
4,2026-06-01T14:42:28.138Z,daily_report:07e54a58-61f5-46b2-a755-8dc4582a5a94:5,200,https,633,2026-06-01T14:31:54.511951+00:00,"{""data_url"":""https://46400762d3027afbb26819a8de8528e6.r2.cloudflarestorage.com/m"
5,2026-06-01T14:42:28.618Z,daily_report:ac306ad5-161d-4f9c-a99a-089c0fccac55:5,200,https,634,2026-06-01T14:31:54.511951+00:00,"{""data_url"":""https://46400762d3027afbb26819a8de8528e6.r2.cloudflarestorage.com/m"
6,2026-06-01T14:42:29.083Z,daily_report:3c8c87be-b85e-4a42-9d06-2b75f56580b8:0,200,https,634,2026-06-01T14:31:54.511951+00:00,"{""data_url"":""https://46400762d3027afbb26819a8de8528e6.r2.cloudflarestorage.com/m"
7,2026-06-01T14:42:29.560Z,daily_report:07e54a58-61f5-46b2-a755-8dc4582a5a94:0,200,https,635,2026-06-01T14:31:54.511951+00:00,"{""data_url"":""https://46400762d3027afbb26819a8de8528e6.r2.cloudflarestorage.com/m"
8,2026-06-01T14:42:30.045Z,daily_report:1eab4aa7-0a97-40e3-b2ae-bbec074db0bf:2,200,https,635,2026-06-01T14:31:54.511951+00:00,"{""data_url"":""https://46400762d3027afbb26819a8de8528e6.r2.cloudflarestorage.com/m"
9,2026-06-01T14:42:30.507Z,daily_report:e1f9db27-e2c2-49bb-9784-e4cb492aff9a:4,200,https,636,2026-06-01T14:31:54.511951+00:00,"{""data_url"":""https://46400762d3027afbb26819a8de8528e6.r2.cloudflarestorage.com/m"
10,2026-06-01T14:42:31.045Z,daily_report:e0f975d9-826e-42aa-8db2-4857dc87433c:3,200,https,636,2026-06-01T14:31:54.511951+00:00,"{""data_url"":""https://46400762d3027afbb26819a8de8528e6.r2.cloudflarestorage.com/m"
11,2026-06-01T14:42:31.534Z,daily_report:e000f6a2-a5f1-4d6e-bd2c-1b0c693c7dd3:3,200,https,637,2026-06-01T14:31:54.511951+00:00,"{""data_url"":""https://46400762d3027afbb26819a8de8528e6.r2.cloudflarestorage.com/m"
12,2026-06-01T14:42:32.069Z,daily_report:4f45ea58-51d4-4c14-8ee0-c877ac8e9b3b:2,200,https,637,2026-06-01T14:31:54.511951+00:00,"{""data_url"":""https://46400762d3027afbb26819a8de8528e6.r2.cloudflarestorage.com/m"
13,2026-06-01T14:42:32.571Z,daily_report:9f05e2d1-43be-4550-bc1e-9a62a3a2f106:6,200,https,638,2026-06-01T14:31:54.511951+00:00,"{""data_url"":""https://46400762d3027afbb26819a8de8528e6.r2.cloudflarestorage.com/m"
14,2026-06-01T14:42:33.164Z,daily_report:28e82a8b-a876-42e6-aab0-ba4430f83fb7:5,200,https,638,2026-06-01T14:31:54.511951+00:00,"{""data_url"":""https://46400762d3027afbb26819a8de8528e6.r2.cloudflarestorage.com/m"
15,2026-06-01T14:42:33.634Z,daily_report:77514676-603e-458d-ab4c-acd65bc888af:2,200,https,639,2026-06-01T14:31:54.511951+00:00,"{""data_url"":""https://46400762d3027afbb26819a8de8528e6.r2.cloudflarestorage.com/m"
16,2026-06-01T14:42:34.091Z,daily_report:e0f975d9-826e-42aa-8db2-4857dc87433c:4,200,https,639,2026-06-01T14:31:54.511951+00:00,"{""data_url"":""https://46400762d3027afbb26819a8de8528e6.r2.cloudflarestorage.com/m"
17,2026-06-01T14:42:34.563Z,daily_report:e1f9db27-e2c2-49bb-9784-e4cb492aff9a:0,200,https,640,2026-06-01T14:31:54.511951+00:00,"{""data_url"":""https://46400762d3027afbb26819a8de8528e6.r2.cloudflarestorage.com/m"
18,2026-06-01T14:42:35.154Z,daily_report:c045dd2d-1c1e-430d-b686-6338197ca8e4:0,200,https,640,2026-06-01T14:31:54.511951+00:00,"{""data_url"":""https://46400762d3027afbb26819a8de8528e6.r2.cloudflarestorage.com/m"
19,2026-06-01T14:42:35.595Z,daily_report:f243262b-dcb8-48de-9d51-ee3770eb121e:0,200,https,641,2026-06-01T14:31:54.511951+00:00,"{""data_url"":""https://46400762d3027afbb26819a8de8528e6.r2.cloudflarestorage.com/m"
20,2026-06-01T14:42:36.068Z,daily_report:60d3d704-53ae-4452-bb0e-21303991f61a:3,200,https,641,2026-06-01T14:31:54.511951+00:00,"{""data_url"":""https://46400762d3027afbb26819a8de8528e6.r2.cloudflarestorage.com/m"
21,2026-06-01T14:42:36.511Z,daily_report:99be3a75-11ca-4a48-9f98-726a21bf28d6:5,200,https,642,2026-06-01T14:31:54.511951+00:00,"{""data_url"":""https://46400762d3027afbb26819a8de8528e6.r2.cloudflarestorage.com/m"
22,2026-06-01T14:42:37.021Z,daily_report:476ee04d-efd0-4dd9-b381-66dbdaee897e:0,200,https,642,2026-06-01T14:31:54.511951+00:00,"{""data_url"":""https://46400762d3027afbb26819a8de8528e6.r2.cloudflarestorage.com/m"
23,2026-06-01T14:42:37.506Z,daily_report:dac362c8-a279-4ec3-a5d3-b867ebf7a8c1:2,200,https,643,2026-06-01T14:31:54.511951+00:00,"{""data_url"":""https://46400762d3027afbb26819a8de8528e6.r2.cloudflarestorage.com/m"
24,2026-06-01T14:42:38.020Z,daily_report:36360a3e-a740-4e63-9aa1-53d7a721e8d2:1,200,https,643,2026-06-01T14:31:54.511951+00:00,"{""data_url"":""https://46400762d3027afbb26819a8de8528e6.r2.cloudflarestorage.com/m"
25,2026-06-01T14:42:38.492Z,daily_report:b7f7769c-a0ff-43d8-a2d4-5f6923222522:2,200,https,644,2026-06-01T14:31:54.511951+00:00,"{""data_url"":""https://46400762d3027afbb26819a8de8528e6.r2.cloudflarestorage.com/m"
26,2026-06-01T14:42:38.971Z,daily_report:a457cd58-6268-435d-a48d-f0ab911fbe92:3,200,https,644,2026-06-01T14:31:54.511951+00:00,"{""data_url"":""https://46400762d3027afbb26819a8de8528e6.r2.cloudflarestorage.com/m"
27,2026-06-01T14:42:39.487Z,daily_report:f067cb96-ac0f-4c3b-a883-9a6f8d3a1bc2:0,200,https,645,2026-06-01T14:31:54.511951+00:00,"{""data_url"":""https://46400762d3027afbb26819a8de8528e6.r2.cloudflarestorage.com/m"
28,2026-06-01T14:42:39.999Z,daily_report:ac013fac-23c3-488c-aec4-a9bc001eeca4:3,200,https,645,2026-06-01T14:31:54.511951+00:00,"{""data_url"":""https://46400762d3027afbb26819a8de8528e6.r2.cloudflarestorage.com/m"
29,2026-06-01T14:42:40.802Z,daily_report:b4850255-f01c-4859-88f1-e73e06dcdd55:1,200,https,646,2026-06-01T14:31:54.511951+00:00,"{""data_url"":""https://46400762d3027afbb26819a8de8528e6.r2.cloudflarestorage.com/m"
30,2026-06-01T14:42:41.279Z,daily_report:585cd83a-bb8d-4ca0-9f8b-76ab4b64e91f:3,200,https,646,2026-06-01T14:31:54.511951+00:00,"{""data_url"":""https://46400762d3027afbb26819a8de8528e6.r2.cloudflarestorage.com/m"
31,2026-06-01T14:42:41.789Z,daily_report:60d3d704-53ae-4452-bb0e-21303991f61a:6,200,https,647,2026-06-01T14:31:54.511951+00:00,"{""data_url"":""https://46400762d3027afbb26819a8de8528e6.r2.cloudflarestorage.com/m"
32,2026-06-01T14:42:42.391Z,daily_report:75344e3e-aff3-4542-983f-2d33cac84fbc:3,200,https,648,2026-06-01T14:31:54.511951+00:00,"{""data_url"":""https://46400762d3027afbb26819a8de8528e6.r2.cloudflarestorage.com/m"
33,2026-06-01T14:42:42.884Z,daily_report:65b93af0-37bf-4be2-9ca3-983be63a29e4:0,200,https,648,2026-06-01T14:31:54.511951+00:00,"{""data_url"":""https://46400762d3027afbb26819a8de8528e6.r2.cloudflarestorage.com/m"
34,2026-06-01T14:42:43.335Z,daily_report:32203835-a084-45ce-ba5d-77cf1b84e0da:3,200,https,648,2026-06-01T14:31:54.511951+00:00,"{""data_url"":""https://46400762d3027afbb26819a8de8528e6.r2.cloudflarestorage.com/m"
35,2026-06-01T14:42:43.951Z,daily_report:daf386fb-4d6c-4ce0-9b0b-fb2c76c945cc:2,200,https,649,2026-06-01T14:31:54.511951+00:00,"{""data_url"":""https://46400762d3027afbb26819a8de8528e6.r2.cloudflarestorage.com/m"
36,2026-06-01T14:42:44.470Z,daily_report:829cc5b5-555c-4939-9db9-ca1c37af6257:3,200,https,650,2026-06-01T14:31:54.511951+00:00,"{""data_url"":""https://46400762d3027afbb26819a8de8528e6.r2.cloudflarestorage.com/m"
37,2026-06-01T14:42:44.949Z,daily_report:b06e08bf-a35d-4803-9e03-7846dd535666:0,200,https,650,2026-06-01T14:31:54.511951+00:00,"{""data_url"":""https://46400762d3027afbb26819a8de8528e6.r2.cloudflarestorage.com/m"
38,2026-06-01T14:42:45.640Z,daily_report:75344e3e-aff3-4542-983f-2d33cac84fbc:5,200,https,651,2026-06-01T14:31:54.511951+00:00,"{""data_url"":""https://46400762d3027afbb26819a8de8528e6.r2.cloudflarestorage.com/m"
39,2026-06-01T14:42:46.169Z,daily_report:02daa488-426b-4eb6-9a1b-460b6cac6c60:2,200,https,651,2026-06-01T14:31:54.511951+00:00,"{""data_url"":""https://46400762d3027afbb26819a8de8528e6.r2.cloudflarestorage.com/m"
40,2026-06-01T14:42:46.683Z,daily_report:3d69a346-6a12-4951-b758-8e20a430c6d2:5,200,https,652,2026-06-01T14:31:54.511951+00:00,"{""data_url"":""https://46400762d3027afbb26819a8de8528e6.r2.cloudflarestorage.com/m"
41,2026-06-01T14:42:47.255Z,daily_report:e337a3fb-9d92-4fc1-b71c-9572cc82d616:2,200,https,652,2026-06-01T14:31:54.511951+00:00,"{""data_url"":""https://46400762d3027afbb26819a8de8528e6.r2.cloudflarestorage.com/m"
42,2026-06-01T14:42:47.726Z,daily_report:37d95054-8b81-48c6-a2da-9afcaf6acb6e:6,200,https,653,2026-06-01T14:31:54.511951+00:00,"{""data_url"":""https://46400762d3027afbb26819a8de8528e6.r2.cloudflarestorage.com/m"
43,2026-06-01T14:42:48.203Z,daily_report:e000f6a2-a5f1-4d6e-bd2c-1b0c693c7dd3:2,200,https,653,2026-06-01T14:31:54.511951+00:00,"{""data_url"":""https://46400762d3027afbb26819a8de8528e6.r2.cloudflarestorage.com/m"
44,2026-06-01T14:42:48.714Z,daily_report:b7b92567-a1d1-4973-acca-661755cb3362:0,200,https,654,2026-06-01T14:31:54.511951+00:00,"{""data_url"":""https://46400762d3027afbb26819a8de8528e6.r2.cloudflarestorage.com/m"
45,2026-06-01T14:42:49.392Z,daily_report:5aa07c2c-5138-4ed5-a9c9-2608b0ae42db:5,200,https,654,2026-06-01T14:31:54.511951+00:00,"{""data_url"":""https://46400762d3027afbb26819a8de8528e6.r2.cloudflarestorage.com/m"
46,2026-06-01T14:42:49.849Z,daily_report:9f05e2d1-43be-4550-bc1e-9a62a3a2f106:4,200,https,655,2026-06-01T14:31:54.511951+00:00,"{""data_url"":""https://46400762d3027afbb26819a8de8528e6.r2.cloudflarestorage.com/m"
47,2026-06-01T14:42:50.585Z,daily_report:924878f8-dad7-4f7f-a9eb-e95e9a842093:5,200,https,656,2026-06-01T14:31:54.511951+00:00,"{""data_url"":""https://46400762d3027afbb26819a8de8528e6.r2.cloudflarestorage.com/m"
48,2026-06-01T14:42:51.082Z,daily_report:dd3dc5e0-a788-481e-8072-c67b1ea4e9d9:3,200,https,656,2026-06-01T14:31:54.511951+00:00,"{""data_url"":""https://46400762d3027afbb26819a8de8528e6.r2.cloudflarestorage.com/m"
49,2026-06-01T14:42:51.683Z,daily_report:14c340de-5f8b-4892-835f-fb46395932e8:4,200,https,657,2026-06-01T14:31:54.511951+00:00,"{""data_url"":""https://46400762d3027afbb26819a8de8528e6.r2.cloudflarestorage.com/m"
50,2026-06-01T14:42:52.165Z,daily_report:96532112-8831-4c78-8c4d-bcfa3763ac44:0,200,https,657,2026-06-01T14:31:54.511951+00:00,"{""data_url"":""https://46400762d3027afbb26819a8de8528e6.r2.cloudflarestorage.com/m"
