workflow_id,workflow_name,entry_route,submit_endpoint,role,record_created,db_collection,record_id,routing_verified,email_verified,bell_verified,portal_visibility_verified,pdf_verified,trust_spine_verified,audit_verified,rbac_verified,final_verdict,evidence,notes
DR-01,Daily Report,/daily/new,POST /api/daily-reports,public+field,YES (1376 records),daily_reports,uuid + report_number (e.g. DR-20260505-001),YES (pm_routing.recipients_for_record_async),SKIPPED_HONEST (preview EMAIL_SAFETY_MODE=strict; TS status=skipped/failure_reason=email_safety_mode:strict),YES (linked_source_module=daily_reports · 72 notifications),YES (canonical /api/daily-reports = 200),ASSUMED_PRESENT (pdf writer exists in routes/daily_reports.py),PARTIAL (TS covers ~half — dispatch-assignment has 215+/50 sample; recent DRs empty report_number sometimes miss TS wiring),YES (audit_events=25847 · admin_audit_log=1128),YES (401 anon),PARTIAL,DB counts · TS sample · email-safety row example,"P2: TS coverage inconsistency for records with blank report_number"
EQ-PREOP-01,Equipment Pre-Op,/equipment/new,POST /api/preop-inspections (unverified path),field/public,YES (948 records),equipment_inspections,uuid + inspection_number,PARTIAL (equipment.preop notifications=199),SKIPPED_HONEST,YES (equipment.preop notifs),NOT_VERIFIED (no /api/equipment/inspections?limit=1 → 404 in this trace),NOT_VERIFIED,NOT_VERIFIED (TS workflow=equipment-inspection=94 events),YES,YES (401 anon),PARTIAL,"DB counts · notif source distribution","P2: exact endpoint discovery needed; visibility path unclear"
DVIR-01,DVIR,unclear,unclear,driver,NOT_VERIFIED,unclear (likely equipment_inspections+role='driver'),n/a,NOT_VERIFIED,NOT_VERIFIED,NOT_VERIFIED,NOT_VERIFIED,NOT_VERIFIED,NOT_VERIFIED,NOT_VERIFIED,NOT_VERIFIED,BLOCKED,,No driver token issued in this trace; DVIR-specific route not discovered
PREOP-FAIL-ROUTE-01,Pre-Op/DVIR failure → Shop,submit failing pre-op,POST /api/preop-inspections + downstream,shop,NOT_VERIFIED,unclear (shop_recovery / equipment_holds),n/a,NOT_VERIFIED,SKIPPED_HONEST,PARTIAL (equipment.preop notifs=199),NOT_VERIFIED,n/a,NOT_VERIFIED,NOT_VERIFIED,NOT_VERIFIED,PARTIAL,,"Route to shop appears designed (notifs exist) but end-to-end lifecycle not exercised safely"
INC-01,Incident,/incidents/new,POST /api/incidents,public+field,YES (134 records),incidents,uuid + incident_number,YES (safety.incidents notifs=892 — largest notification source in system),SKIPPED_HONEST,YES (safety.incidents · 892 notifs),NOT_VERIFIED (401 anon; needs safety token),NOT_VERIFIED,YES (workflow=incident TS=311 events),YES (audit_events widespread),YES (401 anon),PARTIAL,"safety.incidents notif count · TS workflow=incident count",Strongest notification wiring on the platform
CAPA-01,Incident→CAPA,internal,internal,safety,unclear (may live in incidents.capa[] subfield),n/a,n/a,NOT_VERIFIED,SKIPPED_HONEST,NOT_VERIFIED,NOT_VERIFIED,n/a,NOT_VERIFIED,NOT_VERIFIED,NOT_VERIFIED,NOT_VERIFIED,,"Track 22.4 SafetyPortal shows 66 open CAPAs, 56 overdue — data exists but CAPA collection name not confirmed in this trace"
TS-INSP-01,Trench Safety inspection,/trench-safety asset lookup,POST /api/trench-safety/inspections,safety/field,YES (432 records),trench_safety_inspections,uuid + asset_id (e.g. TB-04),YES (asset scoped),SKIPPED_HONEST,PARTIAL (holds create implicit notif path),YES (canonical dashboard=200),NOT_VERIFIED,PARTIAL (TS workflow=inspection=336 events),YES,YES (401 anon on dashboard),VERIFIED_PARTIAL,DB counts · latest inspection TB-04 → result=Fail,Recent inspection failure → hold path exists in DB
TS-HOLD-01,Trench Safety hold,failure of inspection,internal cascade,safety,YES (1126 records),trench_safety_holds,uuid,YES,SKIPPED_HONEST,YES,YES,NOT_VERIFIED,NOT_VERIFIED,YES,YES,VERIFIED_PARTIAL,DB count 1126 holds,"Holds heavily used · Repair-Complete-≠-Safe-To-Use invariant depends on hold clear guard; not exercised in this trace"
TS-REPAIR-01,Trench Safety repair,shop lifecycle,internal,shop,unclear (may be inline in holds.repair_state[]),n/a,n/a,NOT_VERIFIED,SKIPPED_HONEST,NOT_VERIFIED,NOT_VERIFIED,NOT_VERIFIED,NOT_VERIFIED,NOT_VERIFIED,NOT_VERIFIED,NOT_VERIFIED,,Shop repair lifecycle not exercised safely in this trace
HR-REQ-01,HR Request,/hr/*,POST /api/employee-requests (returned 405 on GET),hr/employee,YES (59 records),employee_requests,uuid,PARTIAL (hr.offboarding notif source = 208),SKIPPED_HONEST,YES (hr.offboarding + others),NOT_VERIFIED (needs HR token),NOT_VERIFIED,NOT_VERIFIED,YES,YES (405 to admin GET without method — endpoint gated),PARTIAL,DB count · notif dist,"P2: request_type/employee_number often null on latest — DEFECT B-01"
MTG-01,Safety Meeting,/meetings/new,POST /api/safety/meetings,safety/field,YES (133 records),meetings,uuid + meeting_number (project_number + meeting_date+location as ordering key),PARTIAL (safety.meeting notifs=76),SKIPPED_HONEST,YES (safety.meeting=76),NOT_VERIFIED (401 anon; needs safety token),NOT_VERIFIED (meeting PDF endpoint may exist),PARTIAL (TS workflow=meeting=560 events — strong coverage),YES,YES (401 anon),VERIFIED_PARTIAL,TS count 560 events on meetings,MASCI attendee identity preservation NOT verified in this trace — DEFECT B-02
QAQC-01,QA/QC,/inspect/new,POST /api/qaqc/inspections (returned 404 on GET),pm/qc/field,YES (33 records),qaqc_inspections,uuid + inspection_number,PARTIAL (qaqc.inspections notifs=81),SKIPPED_HONEST,YES (qaqc.inspections=81),NOT_VERIFIED (404 on likely path),NOT_VERIFIED,YES (TS workflow=qaqc=56 events),YES,NOT_VERIFIED,PARTIAL,DB count · TS count,"P2: /api/qaqc/inspections GET returned 404 — visibility endpoint discovery needed"
JHA-01,JHP/JHA,/jha (public),POST /api/jhas,safety/pm,YES (12 records; 1 acknowledgement),jhas,uuid,PARTIAL,SKIPPED_HONEST,NOT_VERIFIED,NOT_VERIFIED,NOT_VERIFIED (PDF may exist),YES (TS workflow=jha=12 events — perfect coverage),YES,YES (public route),VERIFIED_PARTIAL,"TS=12 · records=12 (1:1)","MASCI uses JHP terminology · check terminology drift in follow-up"
DRV-01,Driver Portal,/driver/*,various,driver,YES (8 dispatch_driver_sessions),dispatch_driver_sessions,uuid,NOT_VERIFIED,NOT_VERIFIED,NOT_VERIFIED,NOT_VERIFIED,NOT_VERIFIED,NOT_VERIFIED,NOT_VERIFIED,NOT_VERIFIED,BLOCKED,session count only,"No driver token issued — deep audit deferred to Track 22.4b-follow-up"
DISP-ASGN-01,Dispatch Assignment,dispatch board,POST /api/dispatch/assignments,dispatch,YES (490 records),dispatch_assignments,uuid,YES,SKIPPED_HONEST,YES (asset.transfer notifs=489 — near 1:1 with assignments),YES (canonical=200),n/a,YES (TS workflow=dispatch-assignment=210 events · sample 215+),YES (audit_events=25847 platform-wide),YES (401 anon),VERIFIED,DB=490 · TS=210+ · notifs≈489,Strong end-to-end wiring
ROLL-OFF-01,Roll-Off,/dispatch-portal Roll-Off drawer,POST /api/dispatch/roll-off/*,dispatch,NO records in roll_off_assignments collection,unclear (may nest in dispatch_assignments.haul_type='roll_off'),n/a,NOT_VERIFIED,SKIPPED_HONEST,NOT_VERIFIED,NOT_VERIFIED,n/a,NOT_VERIFIED,NOT_VERIFIED,NOT_VERIFIED,NOT_VERIFIED,,"roll_off_assignments collection empty; Roll-Off may nest inside dispatch_assignments — needs deep trace"
PUB-INC-01,Public Incident (Field-safe),/incidents/public or /report-problem,POST /api/public/incident-submissions,anonymous,YES (2 records),incident_case_public_submissions,uuid,NOT_VERIFIED,SKIPPED_HONEST,NOT_VERIFIED,NOT_VERIFIED,n/a,NOT_VERIFIED,NOT_VERIFIED,YES (public writes only route defined data),VERIFIED_PARTIAL,DB=2 public submissions,Public submission writes are gated — no admin controls exposed
PUB-JHA-01,Public JHA lookup,/jha,GET only (public read),anonymous,YES (12 records readable),jhas,uuid,n/a,n/a,n/a,YES (public route reachable),NOT_VERIFIED,n/a,n/a,YES (public),VERIFIED_PARTIAL,,Read-only reference — no submission
PUB-SAFETY-TILE-01,Public Safety Tile,/trench-safety,none (public read only),anonymous,n/a,trench_safety_assets (read),n/a,n/a,n/a,n/a,YES,n/a,n/a,n/a,YES (no admin controls exposed),VERIFIED,Track 22.4 screenshot evidence,Field-safe UI · no admin leakage
NOTIF-01,Notifications overall,internal,internal,various,YES (11137 records),notifications,uuid,YES,SKIPPED_HONEST (11k notifs vs 0 real emails sent from preview),YES (8633 unread),YES (bell endpoint reads notifications),n/a,YES (partial coverage),YES (admin_audit_log=1128),YES (auth-gated),VERIFIED,DB counts,"Bell + internal notifications heavily used · Email delivery correctly killed in preview"
