object_class,object_id,object,classification,resolution,evidence_source,denominator_result
route,ROUTE-0464,compliance/documents,GENERATED_ROUTE,Nested TransportationApp child redirect declared across multiple lines; root-only parser missed it,frontend/src/pages/transportation/TransportationApp.jsx:126-129,ROUTE_DENOMINATOR_484
route,ROUTE-0465,compliance/rate-schedules,GENERATED_ROUTE,Nested TransportationApp child redirect declared across multiple lines; root-only parser missed it,frontend/src/pages/transportation/TransportationApp.jsx:130-133,ROUTE_DENOMINATOR_484
route,ROUTE-0466,fleet,GENERATED_ROUTE,Nested TransportationApp child redirect declared across multiple lines; root-only parser missed it,frontend/src/pages/transportation/TransportationApp.jsx:134-137,ROUTE_DENOMINATOR_484
route,ROUTE-0467,fleet/trucks,GENERATED_ROUTE,Nested TransportationApp child redirect declared across multiple lines; root-only parser missed it,frontend/src/pages/transportation/TransportationApp.jsx:138-141,ROUTE_DENOMINATOR_484
route,ROUTE-0468,fleet/inspections,GENERATED_ROUTE,Nested TransportationApp child redirect declared across multiple lines; root-only parser missed it,frontend/src/pages/transportation/TransportationApp.jsx:142-145,ROUTE_DENOMINATOR_484
route,ROUTE-0469,administration/audit,GENERATED_ROUTE,Nested TransportationApp child redirect declared across multiple lines; root-only parser missed it,frontend/src/pages/transportation/TransportationApp.jsx:146-149,ROUTE_DENOMINATOR_484
route,ROUTE-0481,(index),GENERATED_ROUTE,"TransportationApp index route exists as an index child, not a literal path string",frontend/src/pages/transportation/TransportationApp.jsx:88,ROUTE_DENOMINATOR_484
route,ROUTE-0482,/admin/leadership/records,INVENTORY_EXPANSION,Live route existed in AppRoutes.jsx but was absent from the locked ledger,frontend/src/app/routing/AppRoutes.jsx:863,ROUTE_DENOMINATOR_484
route,ROUTE-0483,/admin/platform-readiness,INVENTORY_EXPANSION,Live route existed in AppRoutes.jsx but was absent from the locked ledger,frontend/src/app/routing/AppRoutes.jsx:1206,ROUTE_DENOMINATOR_484
route,ROUTE-0484,/admin/wp17d-certification,INVENTORY_EXPANSION,Live route existed in AppRoutes.jsx but was absent from the locked ledger,frontend/src/app/routing/AppRoutes.jsx:1207,ROUTE_DENOMINATOR_484
hidden_detail_denominator,NAV-0054,/admin/platform-overview,NAVIGATION_NODE_EXCLUDED,"Hidden navigation items are tracked under the 253 navigation-node denominator, not the 113 hidden/detail surface denominator",WP17D_PLATFORM_CONVERGENCE_LEDGER.csv,HIDDEN_DETAIL_DENOMINATOR_113
hidden_detail_denominator,NAV-0074,/admin/daily/:id,NAVIGATION_NODE_EXCLUDED,"Hidden navigation items are tracked under the 253 navigation-node denominator, not the 113 hidden/detail surface denominator",WP17D_PLATFORM_CONVERGENCE_LEDGER.csv,HIDDEN_DETAIL_DENOMINATOR_113
hidden_detail_denominator,NAV-0075,/admin/meetings/:id,NAVIGATION_NODE_EXCLUDED,"Hidden navigation items are tracked under the 253 navigation-node denominator, not the 113 hidden/detail surface denominator",WP17D_PLATFORM_CONVERGENCE_LEDGER.csv,HIDDEN_DETAIL_DENOMINATOR_113
hidden_detail_denominator,NAV-0076,/admin/qaqc/:id,NAVIGATION_NODE_EXCLUDED,"Hidden navigation items are tracked under the 253 navigation-node denominator, not the 113 hidden/detail surface denominator",WP17D_PLATFORM_CONVERGENCE_LEDGER.csv,HIDDEN_DETAIL_DENOMINATOR_113
hidden_detail_denominator,NAV-0077,/admin/jobs/:projectNumber/team,NAVIGATION_NODE_EXCLUDED,"Hidden navigation items are tracked under the 253 navigation-node denominator, not the 113 hidden/detail surface denominator",WP17D_PLATFORM_CONVERGENCE_LEDGER.csv,HIDDEN_DETAIL_DENOMINATOR_113
hidden_detail_denominator,NAV-0078,/admin/leadership/records/:id,NAVIGATION_NODE_EXCLUDED,"Hidden navigation items are tracked under the 253 navigation-node denominator, not the 113 hidden/detail surface denominator",WP17D_PLATFORM_CONVERGENCE_LEDGER.csv,HIDDEN_DETAIL_DENOMINATOR_113
hidden_detail_denominator,NAV-0079,/admin/equipment/:id,NAVIGATION_NODE_EXCLUDED,"Hidden navigation items are tracked under the 253 navigation-node denominator, not the 113 hidden/detail surface denominator",WP17D_PLATFORM_CONVERGENCE_LEDGER.csv,HIDDEN_DETAIL_DENOMINATOR_113
hidden_detail_denominator,NAV-0080,/admin/equipment/:id/history,NAVIGATION_NODE_EXCLUDED,"Hidden navigation items are tracked under the 253 navigation-node denominator, not the 113 hidden/detail surface denominator",WP17D_PLATFORM_CONVERGENCE_LEDGER.csv,HIDDEN_DETAIL_DENOMINATOR_113
hidden_detail_denominator,NAV-0081,/admin/assets/:assetId,NAVIGATION_NODE_EXCLUDED,"Hidden navigation items are tracked under the 253 navigation-node denominator, not the 113 hidden/detail surface denominator",WP17D_PLATFORM_CONVERGENCE_LEDGER.csv,HIDDEN_DETAIL_DENOMINATOR_113
hidden_detail_denominator,NAV-0082,/admin/employees/:id/history,NAVIGATION_NODE_EXCLUDED,"Hidden navigation items are tracked under the 253 navigation-node denominator, not the 113 hidden/detail surface denominator",WP17D_PLATFORM_CONVERGENCE_LEDGER.csv,HIDDEN_DETAIL_DENOMINATOR_113
hidden_detail_denominator,NAV-0083,/admin/incidents/:id,NAVIGATION_NODE_EXCLUDED,"Hidden navigation items are tracked under the 253 navigation-node denominator, not the 113 hidden/detail surface denominator",WP17D_PLATFORM_CONVERGENCE_LEDGER.csv,HIDDEN_DETAIL_DENOMINATOR_113
hidden_detail_denominator,NAV-0084,/admin/inspections/:id,NAVIGATION_NODE_EXCLUDED,"Hidden navigation items are tracked under the 253 navigation-node denominator, not the 113 hidden/detail surface denominator",WP17D_PLATFORM_CONVERGENCE_LEDGER.csv,HIDDEN_DETAIL_DENOMINATOR_113
hidden_detail_denominator,NAV-0085,/admin/asset-mapping,NAVIGATION_NODE_EXCLUDED,"Hidden navigation items are tracked under the 253 navigation-node denominator, not the 113 hidden/detail surface denominator",WP17D_PLATFORM_CONVERGENCE_LEDGER.csv,HIDDEN_DETAIL_DENOMINATOR_113
hidden_detail_denominator,NAV-0086,/admin/asset-admin,NAVIGATION_NODE_EXCLUDED,"Hidden navigation items are tracked under the 253 navigation-node denominator, not the 113 hidden/detail surface denominator",WP17D_PLATFORM_CONVERGENCE_LEDGER.csv,HIDDEN_DETAIL_DENOMINATOR_113
hidden_detail_denominator,NAV-0087,/admin/asset-spine,NAVIGATION_NODE_EXCLUDED,"Hidden navigation items are tracked under the 253 navigation-node denominator, not the 113 hidden/detail surface denominator",WP17D_PLATFORM_CONVERGENCE_LEDGER.csv,HIDDEN_DETAIL_DENOMINATOR_113
hidden_detail_denominator,NAV-0088,/admin/geofence-reconciliation,NAVIGATION_NODE_EXCLUDED,"Hidden navigation items are tracked under the 253 navigation-node denominator, not the 113 hidden/detail surface denominator",WP17D_PLATFORM_CONVERGENCE_LEDGER.csv,HIDDEN_DETAIL_DENOMINATOR_113
hidden_detail_denominator,NAV-0089,/admin/operational-inventory,NAVIGATION_NODE_EXCLUDED,"Hidden navigation items are tracked under the 253 navigation-node denominator, not the 113 hidden/detail surface denominator",WP17D_PLATFORM_CONVERGENCE_LEDGER.csv,HIDDEN_DETAIL_DENOMINATOR_113
hidden_detail_denominator,NAV-0090,/admin/operational-intelligence,NAVIGATION_NODE_EXCLUDED,"Hidden navigation items are tracked under the 253 navigation-node denominator, not the 113 hidden/detail surface denominator",WP17D_PLATFORM_CONVERGENCE_LEDGER.csv,HIDDEN_DETAIL_DENOMINATOR_113
hidden_detail_denominator,NAV-0091,/admin/promo-assets,NAVIGATION_NODE_EXCLUDED,"Hidden navigation items are tracked under the 253 navigation-node denominator, not the 113 hidden/detail surface denominator",WP17D_PLATFORM_CONVERGENCE_LEDGER.csv,HIDDEN_DETAIL_DENOMINATOR_113
hidden_detail_denominator,NAV-0092,/admin/analytics,NAVIGATION_NODE_EXCLUDED,"Hidden navigation items are tracked under the 253 navigation-node denominator, not the 113 hidden/detail surface denominator",WP17D_PLATFORM_CONVERGENCE_LEDGER.csv,HIDDEN_DETAIL_DENOMINATOR_113
hidden_detail_denominator,NAV-0093,/admin/integrations,NAVIGATION_NODE_EXCLUDED,"Hidden navigation items are tracked under the 253 navigation-node denominator, not the 113 hidden/detail surface denominator",WP17D_PLATFORM_CONVERGENCE_LEDGER.csv,HIDDEN_DETAIL_DENOMINATOR_113
hidden_detail_denominator,NAV-0094,/admin/ai-configuration,NAVIGATION_NODE_EXCLUDED,"Hidden navigation items are tracked under the 253 navigation-node denominator, not the 113 hidden/detail surface denominator",WP17D_PLATFORM_CONVERGENCE_LEDGER.csv,HIDDEN_DETAIL_DENOMINATOR_113
hidden_detail_denominator,NAV-0095,/admin/digest-config,NAVIGATION_NODE_EXCLUDED,"Hidden navigation items are tracked under the 253 navigation-node denominator, not the 113 hidden/detail surface denominator",WP17D_PLATFORM_CONVERGENCE_LEDGER.csv,HIDDEN_DETAIL_DENOMINATOR_113
hidden_detail_denominator,NAV-0096,/admin/email,NAVIGATION_NODE_EXCLUDED,"Hidden navigation items are tracked under the 253 navigation-node denominator, not the 113 hidden/detail surface denominator",WP17D_PLATFORM_CONVERGENCE_LEDGER.csv,HIDDEN_DETAIL_DENOMINATOR_113
hidden_detail_denominator,NAV-0097,/admin/sessions,NAVIGATION_NODE_EXCLUDED,"Hidden navigation items are tracked under the 253 navigation-node denominator, not the 113 hidden/detail surface denominator",WP17D_PLATFORM_CONVERGENCE_LEDGER.csv,HIDDEN_DETAIL_DENOMINATOR_113
hidden_detail_denominator,NAV-0098,/admin/governance,NAVIGATION_NODE_EXCLUDED,"Hidden navigation items are tracked under the 253 navigation-node denominator, not the 113 hidden/detail surface denominator",WP17D_PLATFORM_CONVERGENCE_LEDGER.csv,HIDDEN_DETAIL_DENOMINATOR_113
hidden_detail_denominator,ROUTE-0093,/admin/hub_v2,REDIRECT_ALIAS_EXCLUDED,Hidden redirect alias remains a route inventory object but is excluded from hidden/detail-surface math; it is classified under redirect/alias surfaces,frontend/src/app/routing/AppRoutes.jsx:804,HIDDEN_DETAIL_DENOMINATOR_113
primitive_family_denominator,PRIMITIVE-REGISTRY,/app/memory/WP17D_PRIMITIVE_FAMILY_REGISTRY.csv,DENOMINATOR_RECONCILED,64 true primitive families reconciled as 48 ui primitives + 16 governed wrappers; route-owner and domain-owner component labels are excluded from primitive-family math,frontend/src/components/ui/*.jsx + governed wrapper files,PRIMITIVE_FAMILY_DENOMINATOR_64
classification_wave,CLASS-20260802-AUTH-SHELL,route_status_reconciliation,NO_DENOMINATOR_CHANGE,Shared auth-blocker elimination plus admin-shell batch audit changed route statuses and certifications without changing the locked 484-route denominator,/app/memory/WP17D_AUTH_AND_DAILY_RECHECK_20260802.md,ROUTE_DENOMINATOR_484
