route/surface,role,visible text,banned term,classification,replacement,runtime proof,status
/AdminAIConfiguration,Admin,API keys are managed in,API,TECHNICAL_ADMIN_EXCEPTION,admin settings,static_scan::frontend/src/pages/admin/AdminAIConfiguration.jsx:276,EXEMPT
/AdminAIConfiguration,Admin,Provider API keys never appear in this UI.,API,TECHNICAL_ADMIN_EXCEPTION,admin settings,static_scan::frontend/src/pages/admin/AdminAIConfiguration.jsx:491,EXEMPT
/AdminAIConfiguration,Admin,Primary route:,route,TECHNICAL_ADMIN_EXCEPTION,page,static_scan::frontend/src/pages/admin/AdminAIConfiguration.jsx:733,EXEMPT
/AdminAnalytics,Admin,Lightweight operational telemetry.,telemetry,TECHNICAL_ADMIN_EXCEPTION,activity details,static_scan::frontend/src/pages/admin/AdminAnalytics.jsx:108,EXEMPT
/AdminAnalytics,Admin,Top route count,route,TECHNICAL_ADMIN_EXCEPTION,page,static_scan::frontend/src/pages/admin/AdminAnalytics.jsx:149,EXEMPT
/AdminAnalytics,Admin,No API traffic in window,API,TECHNICAL_ADMIN_EXCEPTION,admin settings,static_scan::frontend/src/pages/admin/AdminAnalytics.jsx:219,EXEMPT
/AdminAnalytics,Admin,API calls,API,TECHNICAL_ADMIN_EXCEPTION,admin settings,static_scan::frontend/src/pages/admin/AdminAnalytics.jsx:36,EXEMPT
/AdminComplianceFindings,Admin,Governance Health,governance,TECHNICAL_ADMIN_EXCEPTION,oversight,static_scan::frontend/src/pages/admin/AdminComplianceFindings.jsx:154,EXEMPT
/AdminComplianceFindings,Admin,"Each finding maps to a specific detector rule (CAPA overdue, identity drift, expired CDL, etc). A clean board here means cross-portal accountability is healthy.",ETC,TECHNICAL_ADMIN_EXCEPTION,estimated cost to finish,static_scan::frontend/src/pages/admin/AdminComplianceFindings.jsx:168,EXEMPT
/AdminDatabase,Admin,"Read-only operational observability. Live cluster snapshot, 30-day storage trend, runway estimate.",snapshot,TECHNICAL_ADMIN_EXCEPTION,saved update,static_scan::frontend/src/pages/admin/AdminDatabase.jsx:128,EXEMPT
/AdminDiagnostics,Admin,Runtime health · system probes · OCC snapshot · scheduler · certification.,runtime,TECHNICAL_ADMIN_EXCEPTION,current view,static_scan::frontend/src/pages/admin/AdminDiagnostics.jsx:144,EXEMPT
/AdminDiagnostics,Admin,Runtime health · system probes · OCC snapshot · scheduler · certification.,snapshot,TECHNICAL_ADMIN_EXCEPTION,saved update,static_scan::frontend/src/pages/admin/AdminDiagnostics.jsx:144,EXEMPT
/AdminDiagnostics,Admin,API Health,API,TECHNICAL_ADMIN_EXCEPTION,admin settings,static_scan::frontend/src/pages/admin/AdminDiagnostics.jsx:155,EXEMPT
/AdminDiagnostics,Admin,OCC Trust Snapshot,snapshot,TECHNICAL_ADMIN_EXCEPTION,saved update,static_scan::frontend/src/pages/admin/AdminDiagnostics.jsx:161,EXEMPT
/AdminDiagnostics,Admin,Runtime,runtime,TECHNICAL_ADMIN_EXCEPTION,current view,static_scan::frontend/src/pages/admin/AdminDiagnostics.jsx:171,EXEMPT
/AdminDiagnostics,Admin,"Per-probe health cards, deeper than the OCC snapshot.",snapshot,TECHNICAL_ADMIN_EXCEPTION,saved update,static_scan::frontend/src/pages/admin/AdminDiagnostics.jsx:179,EXEMPT
/AdminEmail,Admin,Auto-routing rules · distribution lists · route catalog.,route,TECHNICAL_ADMIN_EXCEPTION,page,static_scan::frontend/src/pages/admin/AdminEmail.jsx:16,EXEMPT
/AdminForecastingCommitments,Admin,Governance,governance,TECHNICAL_ADMIN_EXCEPTION,oversight,static_scan::frontend/src/pages/AdminForecastingCommitments.jsx:64,EXEMPT
/AdminGeofenceReconciliation,Admin,Motive Geofence Reconciliation,reconciliation,TECHNICAL_ADMIN_EXCEPTION,review,static_scan::frontend/src/pages/admin/AdminGeofenceReconciliation.jsx:169,EXEMPT
/AdminGeofenceReconciliation,Admin,Run Reconciliation,reconciliation,TECHNICAL_ADMIN_EXCEPTION,review,static_scan::frontend/src/pages/admin/AdminGeofenceReconciliation.jsx:204,EXEMPT
/AdminGeofenceReconciliation,Admin,No rows for this filter. Try “Import Geofences” + “Run Reconciliation”.,reconciliation,TECHNICAL_ADMIN_EXCEPTION,review,static_scan::frontend/src/pages/admin/AdminGeofenceReconciliation.jsx:277,EXEMPT
/AdminGovernanceHierarchyFoundation,Admin,Enterprise Governance,governance,TECHNICAL_ADMIN_EXCEPTION,oversight,static_scan::frontend/src/pages/admin/AdminGovernanceHierarchyFoundation.jsx:322,EXEMPT
/AdminGovernanceListPage,Admin,Governance reference page,governance,TECHNICAL_ADMIN_EXCEPTION,oversight,static_scan::frontend/src/pages/admin/AdminGovernanceListPage.jsx:339,EXEMPT
/AdminGovernanceListPage,Admin,"No governance records are currently available for this page. When the source collection is populated, this page will summarize each item in plain English here.",collection,TECHNICAL_ADMIN_EXCEPTION,record list,static_scan::frontend/src/pages/admin/AdminGovernanceListPage.jsx:375,EXEMPT
/AdminGovernanceListPage,Admin,"No governance records are currently available for this page. When the source collection is populated, this page will summarize each item in plain English here.",governance,TECHNICAL_ADMIN_EXCEPTION,oversight,static_scan::frontend/src/pages/admin/AdminGovernanceListPage.jsx:375,EXEMPT
/AdminGovernanceProjectBudgetAuthority,Admin,"Review budget imports, open financial questions, and active versions without changing accounting truth.",truth,TECHNICAL_ADMIN_EXCEPTION,approved record,static_scan::frontend/src/pages/admin/AdminGovernanceProjectBudgetAuthority.jsx:168,EXEMPT
/AdminGovernanceProjectBudgetAuthority,Admin,"Budget is planning truth here. Commitments stay linked to PO Requests, candidate receipts stay review-only, and accounting / ERP remains the actual-cost authority.",truth,TECHNICAL_ADMIN_EXCEPTION,approved record,static_scan::frontend/src/pages/admin/AdminGovernanceProjectBudgetAuthority.jsx:211,EXEMPT
/AdminGovernanceProjectScheduleAuthority,Admin,"Review schedule imports, work-package readiness, and active planning records without changing project, budget, or Daily Report truth.",truth,TECHNICAL_ADMIN_EXCEPTION,approved record,static_scan::frontend/src/pages/admin/AdminGovernanceProjectScheduleAuthority.jsx:180,EXEMPT
/AdminGovernanceProjectScheduleAuthority,Admin,"The schedule remains planning truth only. Budget, commitments, actual cost, forecast, revenue, billing, and collections stay separate. Constraints remain operational records, not free-form notes.",truth,TECHNICAL_ADMIN_EXCEPTION,approved record,static_scan::frontend/src/pages/admin/AdminGovernanceProjectScheduleAuthority.jsx:218,EXEMPT
/AdminGovernanceRegistryPage,Admin,Canonical enterprise governance artifacts.,canonical,TECHNICAL_ADMIN_EXCEPTION,approved,static_scan::frontend/src/pages/admin/AdminGovernanceRegistryPage.jsx:24,EXEMPT
/AdminGovernanceRegistryPage,Admin,Governance Registry,governance,TECHNICAL_ADMIN_EXCEPTION,oversight,static_scan::frontend/src/pages/admin/AdminGovernanceRegistryPage.jsx:24,EXEMPT
/AdminGovernanceRegistryPage,Admin,Canonical enterprise governance artifacts.,governance,TECHNICAL_ADMIN_EXCEPTION,oversight,static_scan::frontend/src/pages/admin/AdminGovernanceRegistryPage.jsx:24,EXEMPT
/AdminGovernanceRegistryPage,Admin,Enterprise Governance,governance,TECHNICAL_ADMIN_EXCEPTION,oversight,static_scan::frontend/src/pages/admin/AdminGovernanceRegistryPage.jsx:24,EXEMPT
/AdminGovernanceSectionRoutes,Admin,Policy-ready identity context derived from canonical auth owners.,canonical,TECHNICAL_ADMIN_EXCEPTION,approved,static_scan::frontend/src/pages/admin/AdminGovernanceSectionRoutes.jsx:25,EXEMPT
/AdminGovernanceSectionRoutes,Admin,Enterprise Governance,governance,TECHNICAL_ADMIN_EXCEPTION,oversight,static_scan::frontend/src/pages/admin/AdminGovernanceSectionRoutes.jsx:25,EXEMPT
/AdminGovernanceSectionRoutes,Admin,Enterprise Governance,governance,TECHNICAL_ADMIN_EXCEPTION,oversight,static_scan::frontend/src/pages/admin/AdminGovernanceSectionRoutes.jsx:28,EXEMPT
/AdminGovernanceSectionRoutes,Admin,Enterprise Governance,governance,TECHNICAL_ADMIN_EXCEPTION,oversight,static_scan::frontend/src/pages/admin/AdminGovernanceSectionRoutes.jsx:31,EXEMPT
/AdminGovernanceSectionRoutes,Admin,Versioned governance policies.,governance,TECHNICAL_ADMIN_EXCEPTION,oversight,static_scan::frontend/src/pages/admin/AdminGovernanceSectionRoutes.jsx:34,EXEMPT
/AdminGovernanceSectionRoutes,Admin,Enterprise Governance,governance,TECHNICAL_ADMIN_EXCEPTION,oversight,static_scan::frontend/src/pages/admin/AdminGovernanceSectionRoutes.jsx:34,EXEMPT
/AdminGovernanceSectionRoutes,Admin,Enterprise Governance,governance,TECHNICAL_ADMIN_EXCEPTION,oversight,static_scan::frontend/src/pages/admin/AdminGovernanceSectionRoutes.jsx:37,EXEMPT
/AdminGovernanceSectionRoutes,Admin,Enterprise Governance,governance,TECHNICAL_ADMIN_EXCEPTION,oversight,static_scan::frontend/src/pages/admin/AdminGovernanceSectionRoutes.jsx:40,EXEMPT
/AdminGovernanceSectionRoutes,Admin,Conflict-prevention governance rules.,governance,TECHNICAL_ADMIN_EXCEPTION,oversight,static_scan::frontend/src/pages/admin/AdminGovernanceSectionRoutes.jsx:43,EXEMPT
/AdminGovernanceSectionRoutes,Admin,Enterprise Governance,governance,TECHNICAL_ADMIN_EXCEPTION,oversight,static_scan::frontend/src/pages/admin/AdminGovernanceSectionRoutes.jsx:43,EXEMPT
/AdminGovernanceSectionRoutes,Admin,Enterprise Governance,governance,TECHNICAL_ADMIN_EXCEPTION,oversight,static_scan::frontend/src/pages/admin/AdminGovernanceSectionRoutes.jsx:46,EXEMPT
/AdminGovernanceSectionRoutes,Admin,Enterprise Governance,governance,TECHNICAL_ADMIN_EXCEPTION,oversight,static_scan::frontend/src/pages/admin/AdminGovernanceSectionRoutes.jsx:49,EXEMPT
/AdminGovernanceSectionRoutes,Admin,Governance Decisions,governance,TECHNICAL_ADMIN_EXCEPTION,oversight,static_scan::frontend/src/pages/admin/AdminGovernanceSectionRoutes.jsx:52,EXEMPT
/AdminGovernanceSectionRoutes,Admin,Enterprise Governance,governance,TECHNICAL_ADMIN_EXCEPTION,oversight,static_scan::frontend/src/pages/admin/AdminGovernanceSectionRoutes.jsx:52,EXEMPT
/AdminGovernanceSectionRoutes,Admin,Governance Audit,governance,TECHNICAL_ADMIN_EXCEPTION,oversight,static_scan::frontend/src/pages/admin/AdminGovernanceSectionRoutes.jsx:55,EXEMPT
/AdminGovernanceSectionRoutes,Admin,Governance audit history.,governance,TECHNICAL_ADMIN_EXCEPTION,oversight,static_scan::frontend/src/pages/admin/AdminGovernanceSectionRoutes.jsx:55,EXEMPT
/AdminGovernanceSectionRoutes,Admin,Enterprise Governance,governance,TECHNICAL_ADMIN_EXCEPTION,oversight,static_scan::frontend/src/pages/admin/AdminGovernanceSectionRoutes.jsx:55,EXEMPT
/AdminGovernanceSectionRoutes,Admin,Governance Versions,governance,TECHNICAL_ADMIN_EXCEPTION,oversight,static_scan::frontend/src/pages/admin/AdminGovernanceSectionRoutes.jsx:58,EXEMPT
/AdminGovernanceSectionRoutes,Admin,Enterprise Governance,governance,TECHNICAL_ADMIN_EXCEPTION,oversight,static_scan::frontend/src/pages/admin/AdminGovernanceSectionRoutes.jsx:58,EXEMPT
/AdminGovernanceSectionRoutes,Admin,Governance Health,governance,TECHNICAL_ADMIN_EXCEPTION,oversight,static_scan::frontend/src/pages/admin/AdminGovernanceSectionRoutes.jsx:61,EXEMPT
/AdminGovernanceSectionRoutes,Admin,Enterprise governance health summary.,governance,TECHNICAL_ADMIN_EXCEPTION,oversight,static_scan::frontend/src/pages/admin/AdminGovernanceSectionRoutes.jsx:61,EXEMPT
/AdminGovernanceSectionRoutes,Admin,Enterprise Governance,governance,TECHNICAL_ADMIN_EXCEPTION,oversight,static_scan::frontend/src/pages/admin/AdminGovernanceSectionRoutes.jsx:61,EXEMPT
/AdminGuidanceCoverage,Admin,Phase 3 · Operational Governance,governance,TECHNICAL_ADMIN_EXCEPTION,oversight,static_scan::frontend/src/pages/admin/AdminGuidanceCoverage.jsx:61,EXEMPT
/AdminGuide,Admin,⚠ Before any redeploy — the Pre-Deploy Snapshot panel,snapshot,TECHNICAL_ADMIN_EXCEPTION,saved update,static_scan::frontend/src/pages/AdminGuide.jsx:152,EXEMPT
/AdminGuide,Admin,SAFE TO REDEPLOY. The hourly auto-snapshot has you covered.,snapshot,TECHNICAL_ADMIN_EXCEPTION,saved update,static_scan::frontend/src/pages/AdminGuide.jsx:157,EXEMPT
/AdminGuide,Admin,Run a snapshot NOW. Wait for it to complete before any redeploy.,snapshot,TECHNICAL_ADMIN_EXCEPTION,saved update,static_scan::frontend/src/pages/AdminGuide.jsx:165,EXEMPT
/AdminGuide,Admin,to glance at the snapshot freshness panel (should always be green).,snapshot,TECHNICAL_ADMIN_EXCEPTION,saved update,static_scan::frontend/src/pages/AdminGuide.jsx:202,EXEMPT
/AdminGuide,Admin,Project P&L Snapshot — live job-cost dashboard,snapshot,TECHNICAL_ADMIN_EXCEPTION,saved update,static_scan::frontend/src/pages/AdminGuide.jsx:207,EXEMPT
/AdminGuide,Admin,". Pick a project, optional date range, your labor rate ($/hr), and you get a live snapshot pulled straight from submitted Daily Reports.",snapshot,TECHNICAL_ADMIN_EXCEPTION,saved update,static_scan::frontend/src/pages/AdminGuide.jsx:210,EXEMPT
/AdminGuide,Admin,Pre-Deploy Snapshot,snapshot,TECHNICAL_ADMIN_EXCEPTION,saved update,static_scan::frontend/src/pages/AdminGuide.jsx:333,EXEMPT
/AdminGuide,Admin,SNAPSHOT NOW,snapshot,TECHNICAL_ADMIN_EXCEPTION,saved update,static_scan::frontend/src/pages/AdminGuide.jsx:334,EXEMPT
/AdminGuide,Admin,", the email content is logged to backend logs instead of sending — useful in preview env but never the case in production.",backend,TECHNICAL_ADMIN_EXCEPTION,system records,static_scan::frontend/src/pages/AdminGuide.jsx:389,EXEMPT
/AdminGuide,Admin,POST /api/field-leadership/time-off/public-link,API,TECHNICAL_ADMIN_EXCEPTION,admin settings,static_scan::frontend/src/pages/AdminGuide.jsx:454,EXEMPT
/AdminGuide,Admin,— telematics placeholder (live API integration deferred).,API,TECHNICAL_ADMIN_EXCEPTION,admin settings,static_scan::frontend/src/pages/AdminGuide.jsx:570,EXEMPT
/AdminGuide,Admin,— work-order placeholder (live API integration deferred).,API,TECHNICAL_ADMIN_EXCEPTION,admin settings,static_scan::frontend/src/pages/AdminGuide.jsx:571,EXEMPT
/AdminGuide,Admin,NO live API calls today. Integration framework is passive-observational until live keys are issued and stability is proven.,API,TECHNICAL_ADMIN_EXCEPTION,admin settings,static_scan::frontend/src/pages/AdminGuide.jsx:605,EXEMPT
/AdminIntegrationCenter,Admin,API Key,API,TECHNICAL_ADMIN_EXCEPTION,admin settings,static_scan::frontend/src/pages/admin/AdminIntegrationCenter.jsx:156,EXEMPT
/AdminIntegrationCenter,Admin,Bulk-create / bulk-update mappings before the live API is wired. Each CSV must include an internal asset key (column:,API,TECHNICAL_ADMIN_EXCEPTION,admin settings,static_scan::frontend/src/pages/admin/AdminIntegrationCenter.jsx:651,EXEMPT
/AdminIntegrationCenter,Admin,collection is written. Existing mappings will,collection,TECHNICAL_ADMIN_EXCEPTION,record list,static_scan::frontend/src/pages/admin/AdminIntegrationCenter.jsx:898,EXEMPT
/AdminLegacyImports,Admin,collection:,collection,TECHNICAL_ADMIN_EXCEPTION,record list,static_scan::frontend/src/pages/AdminLegacyImports.jsx:457,EXEMPT
/AdminLegacyImports,Admin,OCR/AI-assisted reconciliation queue · humans approve every promotion.,reconciliation,TECHNICAL_ADMIN_EXCEPTION,review,static_scan::frontend/src/pages/AdminLegacyImports.jsx:85,EXEMPT
/AdminLegacyImports,Admin,Historical Records · Reconciliation Queue,reconciliation,TECHNICAL_ADMIN_EXCEPTION,review,static_scan::frontend/src/pages/AdminLegacyImports.jsx:98,EXEMPT
/AdminOS,Admin,Governance & Trust,governance,TECHNICAL_ADMIN_EXCEPTION,oversight,static_scan::frontend/src/pages/admin/AdminOS.jsx:491,EXEMPT
/AdminOS,Admin,"Governance rules, audit log, compliance findings, deploy readiness.",governance,TECHNICAL_ADMIN_EXCEPTION,oversight,static_scan::frontend/src/pages/admin/AdminOS.jsx:495,EXEMPT
/AdminOS,Admin,Download a Markdown snapshot of the current platform trust state,snapshot,TECHNICAL_ADMIN_EXCEPTION,saved update,static_scan::frontend/src/pages/admin/AdminOS.jsx:727,EXEMPT
/AdminOS,Admin,Export snapshot,snapshot,TECHNICAL_ADMIN_EXCEPTION,saved update,static_scan::frontend/src/pages/admin/AdminOS.jsx:730,EXEMPT
/AdminOS,Admin,"Start with posture, open the domain that needs attention, and keep maintenance/governance actions separated from business operations noise.",governance,TECHNICAL_ADMIN_EXCEPTION,oversight,static_scan::frontend/src/pages/admin/AdminOS.jsx:749,EXEMPT
/AdminOS,Admin,Governance & Trust,governance,TECHNICAL_ADMIN_EXCEPTION,oversight,static_scan::frontend/src/pages/admin/AdminOS.jsx:754,EXEMPT
/AdminOperationalIntelligence,Admin,Recipient/group CRUD is served by the admin API (,API,TECHNICAL_ADMIN_EXCEPTION,admin settings,static_scan::frontend/src/pages/admin/AdminOperationalIntelligence.jsx:489,EXEMPT
/AdminOperationalIntelligence,Admin,Recipient Governance,governance,TECHNICAL_ADMIN_EXCEPTION,oversight,static_scan::frontend/src/pages/admin/AdminOperationalIntelligence.jsx:489,EXEMPT
/AdminOperationalIntelligence,Admin,Canonical English PDF export · legacy + modern records in one list · management access only,canonical,TECHNICAL_ADMIN_EXCEPTION,approved,static_scan::frontend/src/pages/admin/AdminOperationalIntelligence.jsx:658,EXEMPT
/AdminOperationalIntelligenceRecipients,Admin,Governance,governance,TECHNICAL_ADMIN_EXCEPTION,oversight,static_scan::frontend/src/pages/admin/AdminOperationalIntelligenceRecipients.jsx:1191,EXEMPT
/AdminOperationalIntelligenceRecipients,Admin,"tab — it uses canonical, already-authorized user emails.",canonical,TECHNICAL_ADMIN_EXCEPTION,approved,static_scan::frontend/src/pages/admin/AdminOperationalIntelligenceRecipients.jsx:408,EXEMPT
/AdminOperationalIntelligenceRecipients,Admin,canonical platform user directory (,canonical,TECHNICAL_ADMIN_EXCEPTION,approved,static_scan::frontend/src/pages/admin/AdminOperationalIntelligenceRecipients.jsx:510,EXEMPT
/AdminOperationalIntelligenceRecipients,Admin,Member removal is not yet exposed via the API — deactivate the individual recipient instead.,API,TECHNICAL_ADMIN_EXCEPTION,admin settings,static_scan::frontend/src/pages/admin/AdminOperationalIntelligenceRecipients.jsx:833,EXEMPT
/AdminOperationalInventory,Admin,Governance · Pass 2 · Read-Only,governance,TECHNICAL_ADMIN_EXCEPTION,oversight,static_scan::frontend/src/pages/admin/AdminOperationalInventory.jsx:115,EXEMPT
/AdminOperationalInventory,Admin,". 10-field coverage matrix across every portal, user type, public route, and cross-cutting workflow. Surfaces drift as the platform grows. No mutations from this surface.",route,TECHNICAL_ADMIN_EXCEPTION,page,static_scan::frontend/src/pages/admin/AdminOperationalInventory.jsx:124,EXEMPT
/AdminOperationalInventory,Admin,Pass 2 · Live governance signal,governance,TECHNICAL_ADMIN_EXCEPTION,oversight,static_scan::frontend/src/pages/admin/AdminOperationalInventory.jsx:238,EXEMPT
/AdminOperationalInventory,Admin,Governance roadmap,governance,TECHNICAL_ADMIN_EXCEPTION,oversight,static_scan::frontend/src/pages/admin/AdminOperationalInventory.jsx:258,EXEMPT
/AdminOperationalInventory,Admin,— Translation schema (body_es + Block renderer),schema,TECHNICAL_ADMIN_EXCEPTION,form layout,static_scan::frontend/src/pages/admin/AdminOperationalInventory.jsx:264,EXEMPT
/AdminOperationalInventory,Admin,Public route,route,TECHNICAL_ADMIN_EXCEPTION,page,static_scan::frontend/src/pages/admin/AdminOperationalInventory.jsx:371,EXEMPT
/AdminOperationalInventory,Admin,Schema landed,schema,TECHNICAL_ADMIN_EXCEPTION,form layout,static_scan::frontend/src/pages/admin/AdminOperationalInventory.jsx:442,EXEMPT
/AdminOperationalInventory,Admin,fields to the article schema. Missing translation → graceful fallback to English. English remains canonical. This panel goes green as Pass 3 lands.,canonical,TECHNICAL_ADMIN_EXCEPTION,approved,static_scan::frontend/src/pages/admin/AdminOperationalInventory.jsx:450,EXEMPT
/AdminOperationalInventory,Admin,fields to the article schema. Missing translation → graceful fallback to English. English remains canonical. This panel goes green as Pass 3 lands.,schema,TECHNICAL_ADMIN_EXCEPTION,form layout,static_scan::frontend/src/pages/admin/AdminOperationalInventory.jsx:450,EXEMPT
/AdminOperationalInventory,Admin,"Every portal has a login door, every public route has guidance, every workflow is documented.",route,TECHNICAL_ADMIN_EXCEPTION,page,static_scan::frontend/src/pages/admin/AdminOperationalInventory.jsx:527,EXEMPT
/AdminOperationalLanguage,Admin,Shared glossary · single source of vocabulary truth · EN + ES.,truth,TECHNICAL_ADMIN_EXCEPTION,approved record,static_scan::frontend/src/pages/admin/AdminOperationalLanguage.jsx:586,EXEMPT
/AdminOperationalLanguage,Admin,Governance & Trust,governance,TECHNICAL_ADMIN_EXCEPTION,oversight,static_scan::frontend/src/pages/admin/AdminOperationalLanguage.jsx:588,EXEMPT
/AdminOperationalLanguage,Admin,Single source of operational truth · EN + ES parity · versioned in code.,truth,TECHNICAL_ADMIN_EXCEPTION,approved record,static_scan::frontend/src/pages/admin/AdminOperationalLanguage.jsx:604,EXEMPT
/AdminOperationsDashboard,Admin,Read-only operational visibility. Derived from Motive telemetry + Verified geofences.,telemetry,TECHNICAL_ADMIN_EXCEPTION,activity details,static_scan::frontend/src/pages/admin/AdminOperationsDashboard.jsx:106,EXEMPT
/AdminPlatformConfiguration,Admin,Runtime & Build,runtime,TECHNICAL_ADMIN_EXCEPTION,current view,static_scan::frontend/src/pages/admin/AdminPlatformConfiguration.jsx:121,EXEMPT
/AdminProjectIdentityGovernance,Admin,Project Identity Governance,governance,TECHNICAL_ADMIN_EXCEPTION,oversight,static_scan::frontend/src/pages/admin/AdminProjectIdentityGovernance.jsx:294,EXEMPT
/AdminProjectIdentityGovernance,Admin,Project Identity Governance,governance,TECHNICAL_ADMIN_EXCEPTION,oversight,static_scan::frontend/src/pages/admin/AdminProjectIdentityGovernance.jsx:305,EXEMPT
/AdminProjectIdentityGovernance,Admin,"• Future grouping uses canonical identity, so resolving each conflict prevents future duplicate folders.",canonical,TECHNICAL_ADMIN_EXCEPTION,approved,static_scan::frontend/src/pages/admin/AdminProjectIdentityGovernance.jsx:331,EXEMPT
/AdminProjectIdentityGovernance,Admin,Canonical Projects,canonical,TECHNICAL_ADMIN_EXCEPTION,approved,static_scan::frontend/src/pages/admin/AdminProjectIdentityGovernance.jsx:343,EXEMPT
/AdminProjectIdentityGovernance,Admin,Governance Queue,governance,TECHNICAL_ADMIN_EXCEPTION,oversight,static_scan::frontend/src/pages/admin/AdminProjectIdentityGovernance.jsx:344,EXEMPT
/AdminProjectIdentityGovernance,Admin,Last Governance Action,governance,TECHNICAL_ADMIN_EXCEPTION,oversight,static_scan::frontend/src/pages/admin/AdminProjectIdentityGovernance.jsx:351,EXEMPT
/AdminProjectIdentityGovernance,Admin,Governance Queue,governance,TECHNICAL_ADMIN_EXCEPTION,oversight,static_scan::frontend/src/pages/admin/AdminProjectIdentityGovernance.jsx:438,EXEMPT
/AdminProjectIdentityGovernance,Admin,No governance items match the current filter. Run a re-scan to refresh detection.,governance,TECHNICAL_ADMIN_EXCEPTION,oversight,static_scan::frontend/src/pages/admin/AdminProjectIdentityGovernance.jsx:444,EXEMPT
/AdminProjectIdentityGovernance,Admin,Suggested canonical,canonical,TECHNICAL_ADMIN_EXCEPTION,approved,static_scan::frontend/src/pages/admin/AdminProjectIdentityGovernance.jsx:509,EXEMPT
/AdminProjectIdentityGovernance,Admin,— Pick canonical project —,canonical,TECHNICAL_ADMIN_EXCEPTION,approved,static_scan::frontend/src/pages/admin/AdminProjectIdentityGovernance.jsx:566,EXEMPT
/AdminRecovery,Admin,Operational Truth Spine,truth,TECHNICAL_ADMIN_EXCEPTION,approved record,static_scan::frontend/src/pages/admin/AdminRecovery.jsx:392,EXEMPT
/AdminRecovery,Admin,Sources: recovery snapshot · deployment readiness · cluster capacity · scheduler runs · system health,snapshot,TECHNICAL_ADMIN_EXCEPTION,saved update,static_scan::frontend/src/pages/admin/AdminRecovery.jsx:410,EXEMPT
/AdminRecovery,Admin,Archive lineage,lineage,TECHNICAL_ADMIN_EXCEPTION,record history,static_scan::frontend/src/pages/admin/AdminRecovery.jsx:458,EXEMPT
/AdminRecovery,Admin,Lineage confidence,lineage,TECHNICAL_ADMIN_EXCEPTION,record history,static_scan::frontend/src/pages/admin/AdminRecovery.jsx:469,EXEMPT
/AdminStorageRecovery,Admin,Re-probe R2 HEAD/bucket + refresh status snapshot.,snapshot,TECHNICAL_ADMIN_EXCEPTION,saved update,static_scan::frontend/src/pages/admin/AdminStorageRecovery.jsx:371,EXEMPT
/AdminStorageRecovery,Admin,Runtime R2 fallback (local → R2 on write),runtime,TECHNICAL_ADMIN_EXCEPTION,current view,static_scan::frontend/src/pages/admin/AdminStorageRecovery.jsx:409,EXEMPT
/AdminStorageRecovery,Admin,Operational Truth Spine,truth,TECHNICAL_ADMIN_EXCEPTION,approved record,static_scan::frontend/src/pages/admin/AdminStorageRecovery.jsx:600,EXEMPT
/AdminStorageRecovery,Admin,Truth subject=,truth,TECHNICAL_ADMIN_EXCEPTION,approved record,static_scan::frontend/src/pages/admin/AdminStorageRecovery.jsx:606,EXEMPT
/AdminStorageRecovery,Admin,Sources: /api/admin/recovery/snapshot · /api/admin/backups-scheduler-state · /api/admin/integrations/health · /api/admin/r2/lifecycle/retention · /api/admin/operations-control/audit,API,TECHNICAL_ADMIN_EXCEPTION,admin settings,static_scan::frontend/src/pages/admin/AdminStorageRecovery.jsx:685,EXEMPT
/AdminStorageRecovery,Admin,Sources: /api/admin/recovery/snapshot · /api/admin/backups-scheduler-state · /api/admin/integrations/health · /api/admin/r2/lifecycle/retention · /api/admin/operations-control/audit,snapshot,TECHNICAL_ADMIN_EXCEPTION,saved update,static_scan::frontend/src/pages/admin/AdminStorageRecovery.jsx:685,EXEMPT
/AdminStorageRecovery,Admin,Lifecycle Governance,governance,TECHNICAL_ADMIN_EXCEPTION,oversight,static_scan::frontend/src/pages/admin/AdminStorageRecovery.jsx:822,EXEMPT
/AdminVendorThread,Admin,Owner (source-of-truth for vendor master),truth,TECHNICAL_ADMIN_EXCEPTION,approved record,static_scan::frontend/src/pages/AdminVendorThread.jsx:185,EXEMPT
/DeployRecovery,Operator,No backup runs recorded yet — confirm the hourly R2 snapshot cron is armed before deploy.,snapshot,TECHNICAL_ADMIN_EXCEPTION,saved update,static_scan::frontend/src/pages/admin/DeployRecovery.jsx:129,EXEMPT
/DeployRecovery,Operator,"Restore reads the R2 snapshot into a quarantine collection set first. Verify counts, then promote.",collection,TECHNICAL_ADMIN_EXCEPTION,record list,static_scan::frontend/src/pages/admin/DeployRecovery.jsx:179,EXEMPT
/DeployRecovery,Operator,"Restore reads the R2 snapshot into a quarantine collection set first. Verify counts, then promote.",snapshot,TECHNICAL_ADMIN_EXCEPTION,saved update,static_scan::frontend/src/pages/admin/DeployRecovery.jsx:179,EXEMPT
/DeployRecovery,Operator,Snapshot the build version above so it can be referenced in the rollback target.,snapshot,TECHNICAL_ADMIN_EXCEPTION,saved update,static_scan::frontend/src/pages/admin/DeployRecovery.jsx:191,EXEMPT
/DeployRecovery,Operator,GET /api/health,API,TECHNICAL_ADMIN_EXCEPTION,admin settings,static_scan::frontend/src/pages/admin/DeployRecovery.jsx:197,EXEMPT
/DeployRecovery,Operator,POST /api/auth/multi-login,API,TECHNICAL_ADMIN_EXCEPTION,admin settings,static_scan::frontend/src/pages/admin/DeployRecovery.jsx:198,EXEMPT
/DeployRecovery,Operator,Operational Truth Spine,truth,TECHNICAL_ADMIN_EXCEPTION,approved record,static_scan::frontend/src/pages/admin/DeployRecovery.jsx:89,EXEMPT
/DevHub,Operator,Confidential developer-facing export and snapshot controls.,snapshot,TECHNICAL_ADMIN_EXCEPTION,saved update,static_scan::frontend/src/pages/DevHub.jsx:207,EXEMPT
/DevHub,Operator,"Pin a snapshot before handing material to any outside party, and pair it with the source bundle only when you need a byte-exact diligence package.",snapshot,TECHNICAL_ADMIN_EXCEPTION,saved update,static_scan::frontend/src/pages/DevHub.jsx:241,EXEMPT
/DevHub,Operator,Pin a Snapshot,snapshot,TECHNICAL_ADMIN_EXCEPTION,saved update,static_scan::frontend/src/pages/DevHub.jsx:262,EXEMPT
/DevHub,Operator,Save Snapshot,snapshot,TECHNICAL_ADMIN_EXCEPTION,saved update,static_scan::frontend/src/pages/DevHub.jsx:275,EXEMPT
/DevHub,Operator,"One-click export of the entire application source tree — backend, frontend, scripts, and memory docs — to pair with a pinned manual snapshot when the recipient needs code + documentation together.",backend,TECHNICAL_ADMIN_EXCEPTION,system records,static_scan::frontend/src/pages/DevHub.jsx:281,EXEMPT
/DevHub,Operator,"One-click export of the entire application source tree — backend, frontend, scripts, and memory docs — to pair with a pinned manual snapshot when the recipient needs code + documentation together.",frontend,TECHNICAL_ADMIN_EXCEPTION,page,static_scan::frontend/src/pages/DevHub.jsx:281,EXEMPT
/DevHub,Operator,"One-click export of the entire application source tree — backend, frontend, scripts, and memory docs — to pair with a pinned manual snapshot when the recipient needs code + documentation together.",snapshot,TECHNICAL_ADMIN_EXCEPTION,saved update,static_scan::frontend/src/pages/DevHub.jsx:281,EXEMPT
/DevHub,Operator,Snapshot Archive,snapshot,TECHNICAL_ADMIN_EXCEPTION,saved update,static_scan::frontend/src/pages/DevHub.jsx:293,EXEMPT
/DevHub,Operator,Snapshot count,snapshot,TECHNICAL_ADMIN_EXCEPTION,saved update,static_scan::frontend/src/pages/DevHub.jsx:321,EXEMPT
/IntegrationTruth,Operator,Integration Truth,truth,TECHNICAL_ADMIN_EXCEPTION,approved record,static_scan::frontend/src/pages/admin/IntegrationTruth.jsx:196,EXEMPT
/IntegrationTruth,Operator,Loading alias telemetry…,telemetry,TECHNICAL_ADMIN_EXCEPTION,activity details,static_scan::frontend/src/pages/admin/IntegrationTruth.jsx:319,EXEMPT
/IntegrationTruth,Operator,/admin/integrations/truth-status,truth,TECHNICAL_ADMIN_EXCEPTION,approved record,static_scan::frontend/src/pages/admin/IntegrationTruth.jsx:451,EXEMPT
/IntegrationTruth,Operator,Integration Truth,truth,TECHNICAL_ADMIN_EXCEPTION,approved record,static_scan::frontend/src/pages/admin/IntegrationTruth.jsx:503,EXEMPT
/OccTrustEventsConsumer.contract.test,Operator,Governance & Trust,governance,TECHNICAL_ADMIN_EXCEPTION,oversight,static_scan::frontend/src/pages/admin/__tests__/OccTrustEventsConsumer.contract.test.jsx:51,EXEMPT
/OperationsControlCenter.ots.test,Operator,Platform Runtime,runtime,TECHNICAL_ADMIN_EXCEPTION,current view,static_scan::frontend/src/pages/__tests__/OperationsControlCenter.ots.test.jsx:85,EXEMPT
/OperationsControlCenter.ots.test,Operator,API Health,API,TECHNICAL_ADMIN_EXCEPTION,admin settings,static_scan::frontend/src/pages/__tests__/OperationsControlCenter.ots.test.jsx:88,EXEMPT
/SelfProtection,Operator,/admin/governance/self-protection,governance,TECHNICAL_ADMIN_EXCEPTION,oversight,static_scan::frontend/src/pages/admin/SelfProtection.jsx:129,EXEMPT
/SelfProtection,Operator,Governance · Self-Protection,governance,TECHNICAL_ADMIN_EXCEPTION,oversight,static_scan::frontend/src/pages/admin/SelfProtection.jsx:148,EXEMPT
/SelfProtection,Operator,Read-only operational visibility into the platform's own governance protections.,governance,TECHNICAL_ADMIN_EXCEPTION,oversight,static_scan::frontend/src/pages/admin/SelfProtection.jsx:149,EXEMPT
/SelfProtection,Operator,Governance · Self-Protection,governance,TECHNICAL_ADMIN_EXCEPTION,oversight,static_scan::frontend/src/pages/admin/SelfProtection.jsx:169,EXEMPT
/SelfProtection,Operator,Read-only operational visibility into the platform's own governance protections.,governance,TECHNICAL_ADMIN_EXCEPTION,oversight,static_scan::frontend/src/pages/admin/SelfProtection.jsx:170,EXEMPT
/SelfProtection,Operator,Reading governance state…,governance,TECHNICAL_ADMIN_EXCEPTION,oversight,static_scan::frontend/src/pages/admin/SelfProtection.jsx:177,EXEMPT
/SelfProtection,Operator,Governance · Self-Protection,governance,TECHNICAL_ADMIN_EXCEPTION,oversight,static_scan::frontend/src/pages/admin/SelfProtection.jsx:237,EXEMPT
/SelfProtection,Operator,Read-only operational visibility into the platform's own governance protections.,governance,TECHNICAL_ADMIN_EXCEPTION,oversight,static_scan::frontend/src/pages/admin/SelfProtection.jsx:238,EXEMPT
/SelfProtection,Operator,Governance guardrails for the platform itself,governance,TECHNICAL_ADMIN_EXCEPTION,oversight,static_scan::frontend/src/pages/admin/SelfProtection.jsx:252,EXEMPT
/SelfProtection,Operator,Generated by backend,backend,TECHNICAL_ADMIN_EXCEPTION,system records,static_scan::frontend/src/pages/admin/SelfProtection.jsx:283,EXEMPT
/SelfProtection,Operator,Probe runtime,runtime,TECHNICAL_ADMIN_EXCEPTION,current view,static_scan::frontend/src/pages/admin/SelfProtection.jsx:296,EXEMPT
/SelfProtection,Operator,Context governance,governance,TECHNICAL_ADMIN_EXCEPTION,oversight,static_scan::frontend/src/pages/admin/SelfProtection.jsx:307,EXEMPT
/SelfProtection,Operator,Telemetry doctrine,telemetry,TECHNICAL_ADMIN_EXCEPTION,activity details,static_scan::frontend/src/pages/admin/SelfProtection.jsx:318,EXEMPT
/SelfProtection,Operator,Open governance gaps,governance,TECHNICAL_ADMIN_EXCEPTION,oversight,static_scan::frontend/src/pages/admin/SelfProtection.jsx:340,EXEMPT
/SelfProtection,Operator,Deployment lineage,lineage,TECHNICAL_ADMIN_EXCEPTION,record history,static_scan::frontend/src/pages/admin/SelfProtection.jsx:347,EXEMPT
AdminBackupVerificationPanel,Shared Operator Component,Operational Truth Spine,truth,TECHNICAL_ADMIN_EXCEPTION,approved record,static_scan::frontend/src/components/AdminBackupVerificationPanel.jsx:152,EXEMPT
AdminBackupVerificationPanel,Shared Operator Component,Truth subject=,truth,TECHNICAL_ADMIN_EXCEPTION,approved record,static_scan::frontend/src/components/AdminBackupVerificationPanel.jsx:158,EXEMPT
AdminBackupVerificationPanel,Shared Operator Component,Lineage,lineage,TECHNICAL_ADMIN_EXCEPTION,record history,static_scan::frontend/src/components/AdminBackupVerificationPanel.jsx:276,EXEMPT
AdminReferenceLookup,Shared Operator Component,Paste a canonical reference to jump straight to the record.,canonical,TECHNICAL_ADMIN_EXCEPTION,approved,static_scan::frontend/src/components/AdminReferenceLookup.jsx:62,EXEMPT
AdminShell,Shared Operator Component,Governance Health,governance,TECHNICAL_ADMIN_EXCEPTION,oversight,static_scan::frontend/src/components/AdminShell.jsx:63,EXEMPT
AdminShell,Shared Operator Component,Governance & Trust,governance,TECHNICAL_ADMIN_EXCEPTION,oversight,static_scan::frontend/src/components/AdminShell.jsx:86,EXEMPT
AdminShell,Shared Operator Component,Governance & Trust,governance,TECHNICAL_ADMIN_EXCEPTION,oversight,static_scan::frontend/src/components/AdminShell.jsx:87,EXEMPT
AdminShell,Shared Operator Component,Governance & Trust,governance,TECHNICAL_ADMIN_EXCEPTION,oversight,static_scan::frontend/src/components/AdminShell.jsx:88,EXEMPT
AdminShell,Shared Operator Component,Governance & Trust,governance,TECHNICAL_ADMIN_EXCEPTION,oversight,static_scan::frontend/src/components/AdminShell.jsx:89,EXEMPT
AdminShell,Shared Operator Component,Governance & Trust,governance,TECHNICAL_ADMIN_EXCEPTION,oversight,static_scan::frontend/src/components/AdminShell.jsx:96,EXEMPT
AdminSignatureMigrationPanel,Shared Operator Component,Collection,collection,TECHNICAL_ADMIN_EXCEPTION,record list,static_scan::frontend/src/components/AdminSignatureMigrationPanel.jsx:134,EXEMPT
AdminUnifiedDirectoryPanel,Shared Operator Component,Auto-mirrored from a legacy per-portal collection (Phase K1).,collection,TECHNICAL_ADMIN_EXCEPTION,record list,static_scan::frontend/src/components/AdminUnifiedDirectoryPanel.jsx:63,EXEMPT
BackendVersionBadge,Shared Operator Component,Backend …,backend,TECHNICAL_ADMIN_EXCEPTION,system records,static_scan::frontend/src/components/BackendVersionBadge.jsx:33,EXEMPT
BackendVersionBadge,Shared Operator Component,Backend /api/version unreachable — redeploy,API,TECHNICAL_ADMIN_EXCEPTION,admin settings,static_scan::frontend/src/components/BackendVersionBadge.jsx:46,EXEMPT
BackendVersionBadge,Shared Operator Component,Backend /api/version unreachable — redeploy,backend,TECHNICAL_ADMIN_EXCEPTION,system records,static_scan::frontend/src/components/BackendVersionBadge.jsx:46,EXEMPT
DraftHealthTile,Shared Operator Component,/draft-telemetry/recent?limit=200,telemetry,TECHNICAL_ADMIN_EXCEPTION,activity details,static_scan::frontend/src/components/admin/DraftHealthTile.jsx:120,EXEMPT
DraftHealthTile,Shared Operator Component,/draft-telemetry/health,telemetry,TECHNICAL_ADMIN_EXCEPTION,activity details,static_scan::frontend/src/components/admin/DraftHealthTile.jsx:121,EXEMPT
LocationIntelligencePanel,Shared Operator Component,Read-only overlay. Approve / reject linkages from the Reconciliation screen.,reconciliation,TECHNICAL_ADMIN_EXCEPTION,review,static_scan::frontend/src/components/admin/LocationIntelligencePanel.jsx:63,EXEMPT
LocationIntelligencePanel,Shared Operator Component,Open Reconciliation,reconciliation,TECHNICAL_ADMIN_EXCEPTION,review,static_scan::frontend/src/components/admin/LocationIntelligencePanel.jsx:73,EXEMPT
MaintainxP0Tab,Shared Operator Component,API key configured,API,TECHNICAL_ADMIN_EXCEPTION,admin settings,static_scan::frontend/src/components/admin/MaintainxP0Tab.jsx:200,EXEMPT
MaintainxP0Tab,Shared Operator Component,Last 4 characters of the API key — for confirmation only,API,TECHNICAL_ADMIN_EXCEPTION,admin settings,static_scan::frontend/src/components/admin/MaintainxP0Tab.jsx:211,EXEMPT
MaintainxP0Tab,Shared Operator Component,to probe the MaintainX API using the server-side environment key. No secret data is sent to the browser.,API,TECHNICAL_ADMIN_EXCEPTION,admin settings,static_scan::frontend/src/components/admin/MaintainxP0Tab.jsx:324,EXEMPT
OperationalHealthDashboardShell,Shared Operator Component,Primary route,route,TECHNICAL_ADMIN_EXCEPTION,page,static_scan::frontend/src/components/admin/operational-health/OperationalHealthDashboardShell.jsx:149,EXEMPT
OperationalHealthDashboardShell,Shared Operator Component,Truth ownership,truth,TECHNICAL_ADMIN_EXCEPTION,approved record,static_scan::frontend/src/components/admin/operational-health/OperationalHealthDashboardShell.jsx:193,EXEMPT
OperationalHealthDashboardShell,Shared Operator Component,Enterprise Governance is the first constitutional module on the shared health framework.,governance,TECHNICAL_ADMIN_EXCEPTION,oversight,static_scan::frontend/src/components/admin/operational-health/OperationalHealthDashboardShell.jsx:83,EXEMPT
OperationalHealthDashboardShell,Shared Operator Component,Governance & Trust,governance,TECHNICAL_ADMIN_EXCEPTION,oversight,static_scan::frontend/src/components/admin/operational-health/OperationalHealthDashboardShell.jsx:84,EXEMPT
R2LifecyclePanel,Shared Operator Component,"Storage and backup truth are still being reported from the live recovery snapshot and integration health signals. This advanced lifecycle scanner is not enabled here, so the panel stays hidden instead of linking to dead data.",snapshot,TECHNICAL_ADMIN_EXCEPTION,saved update,static_scan::frontend/src/components/admin/R2LifecyclePanel.jsx:114,EXEMPT
R2LifecyclePanel,Shared Operator Component,"Storage and backup truth are still being reported from the live recovery snapshot and integration health signals. This advanced lifecycle scanner is not enabled here, so the panel stays hidden instead of linking to dead data.",truth,TECHNICAL_ADMIN_EXCEPTION,approved record,static_scan::frontend/src/components/admin/R2LifecyclePanel.jsx:114,EXEMPT
R2LifecyclePanel,Shared Operator Component,Classification Snapshot,snapshot,TECHNICAL_ADMIN_EXCEPTION,saved update,static_scan::frontend/src/components/admin/R2LifecyclePanel.jsx:219,EXEMPT
R2LifecyclePanel,Shared Operator Component,Snapshot is derived from authoritative complete-R2 backup evidence and the governed 72h / 30d / 90d / 12m retention architecture.,snapshot,TECHNICAL_ADMIN_EXCEPTION,saved update,static_scan::frontend/src/components/admin/R2LifecyclePanel.jsx:356,EXEMPT
RestoreBackupPanel,Shared Operator Component,— every collection found in the .zip is,collection,TECHNICAL_ADMIN_EXCEPTION,record list,static_scan::frontend/src/components/RestoreBackupPanel.jsx:346,EXEMPT
RestoreBackupPanel,Shared Operator Component,wipe every collection,collection,TECHNICAL_ADMIN_EXCEPTION,record list,static_scan::frontend/src/components/RestoreBackupPanel.jsx:391,EXEMPT
TrustPrimitives,Shared Operator Component,Truth ownership,truth,TECHNICAL_ADMIN_EXCEPTION,approved record,static_scan::frontend/src/components/admin/trust/TrustPrimitives.jsx:261,EXEMPT
domainMap,Shared Operator Component,System & Governance,governance,TECHNICAL_ADMIN_EXCEPTION,oversight,static_scan::frontend/src/components/admin/sidebar/domainMap.js:104,EXEMPT
domainMap,Shared Operator Component,Governance Health,governance,TECHNICAL_ADMIN_EXCEPTION,oversight,static_scan::frontend/src/components/admin/sidebar/domainMap.js:90,EXEMPT
domainMap,Shared Operator Component,Project Identity Governance,governance,TECHNICAL_ADMIN_EXCEPTION,oversight,static_scan::frontend/src/components/admin/sidebar/domainMap.js:98,EXEMPT
email_audit_status,Technical,Canonical email-routing audit status contract.,canonical,TECHNICAL_ADMIN_EXCEPTION,approved,static_scan::backend/lib/email_audit_status.py:1,EXEMPT
enterpriseGovernanceApi,Technical,/admin/governance/approval-flows,governance,TECHNICAL_ADMIN_EXCEPTION,oversight,static_scan::frontend/src/lib/enterpriseGovernanceApi.js:104,EXEMPT
enterpriseGovernanceApi,Technical,/admin/governance/delegations,governance,TECHNICAL_ADMIN_EXCEPTION,oversight,static_scan::frontend/src/lib/enterpriseGovernanceApi.js:114,EXEMPT
enterpriseGovernanceApi,Technical,/admin/governance/separation-of-duties,governance,TECHNICAL_ADMIN_EXCEPTION,oversight,static_scan::frontend/src/lib/enterpriseGovernanceApi.js:124,EXEMPT
enterpriseGovernanceApi,Technical,/admin/governance/authority,governance,TECHNICAL_ADMIN_EXCEPTION,oversight,static_scan::frontend/src/lib/enterpriseGovernanceApi.js:129,EXEMPT
enterpriseGovernanceApi,Technical,/admin/governance/emergency-overrides,governance,TECHNICAL_ADMIN_EXCEPTION,oversight,static_scan::frontend/src/lib/enterpriseGovernanceApi.js:134,EXEMPT
enterpriseGovernanceApi,Technical,/admin/governance/identities,governance,TECHNICAL_ADMIN_EXCEPTION,oversight,static_scan::frontend/src/lib/enterpriseGovernanceApi.js:14,EXEMPT
enterpriseGovernanceApi,Technical,/admin/governance/decisions,governance,TECHNICAL_ADMIN_EXCEPTION,oversight,static_scan::frontend/src/lib/enterpriseGovernanceApi.js:144,EXEMPT
enterpriseGovernanceApi,Technical,/admin/governance/audit,governance,TECHNICAL_ADMIN_EXCEPTION,oversight,static_scan::frontend/src/lib/enterpriseGovernanceApi.js:149,EXEMPT
enterpriseGovernanceApi,Technical,/admin/governance/versions,governance,TECHNICAL_ADMIN_EXCEPTION,oversight,static_scan::frontend/src/lib/enterpriseGovernanceApi.js:154,EXEMPT
enterpriseGovernanceApi,Technical,/admin/governance/health,governance,TECHNICAL_ADMIN_EXCEPTION,oversight,static_scan::frontend/src/lib/enterpriseGovernanceApi.js:159,EXEMPT
enterpriseGovernanceApi,Technical,/admin/governance/organization,governance,TECHNICAL_ADMIN_EXCEPTION,oversight,static_scan::frontend/src/lib/enterpriseGovernanceApi.js:19,EXEMPT
enterpriseGovernanceApi,Technical,/admin/governance/hierarchy/overview,governance,TECHNICAL_ADMIN_EXCEPTION,oversight,static_scan::frontend/src/lib/enterpriseGovernanceApi.js:24,EXEMPT
enterpriseGovernanceApi,Technical,/admin/governance/hierarchy/backfill/run,governance,TECHNICAL_ADMIN_EXCEPTION,oversight,static_scan::frontend/src/lib/enterpriseGovernanceApi.js:29,EXEMPT
enterpriseGovernanceApi,Technical,/admin/governance/hierarchy/backfill/latest,governance,TECHNICAL_ADMIN_EXCEPTION,oversight,static_scan::frontend/src/lib/enterpriseGovernanceApi.js:34,EXEMPT
enterpriseGovernanceApi,Technical,/admin/governance/overview,governance,TECHNICAL_ADMIN_EXCEPTION,oversight,static_scan::frontend/src/lib/enterpriseGovernanceApi.js:4,EXEMPT
enterpriseGovernanceApi,Technical,/admin/governance/hierarchy/review-queue,governance,TECHNICAL_ADMIN_EXCEPTION,oversight,static_scan::frontend/src/lib/enterpriseGovernanceApi.js:74,EXEMPT
enterpriseGovernanceApi,Technical,/admin/governance/policies,governance,TECHNICAL_ADMIN_EXCEPTION,oversight,static_scan::frontend/src/lib/enterpriseGovernanceApi.js:89,EXEMPT
enterpriseGovernanceApi,Technical,/admin/governance/registry,governance,TECHNICAL_ADMIN_EXCEPTION,oversight,static_scan::frontend/src/lib/enterpriseGovernanceApi.js:9,EXEMPT
enterpriseGovernanceApi,Technical,/admin/governance/permissions,governance,TECHNICAL_ADMIN_EXCEPTION,oversight,static_scan::frontend/src/lib/enterpriseGovernanceApi.js:94,EXEMPT
enterpriseGovernanceApi,Technical,/admin/governance/roles,governance,TECHNICAL_ADMIN_EXCEPTION,oversight,static_scan::frontend/src/lib/enterpriseGovernanceApi.js:99,EXEMPT
export_pdf_fallback,Technical,frontend,frontend,TECHNICAL_ADMIN_EXCEPTION,page,static_scan::backend/export_pdf_fallback.py:38,EXEMPT
export_pdf_fallback,Technical,frontend,frontend,TECHNICAL_ADMIN_EXCEPTION,page,static_scan::backend/export_pdf_fallback.py:39,EXEMPT
hub_banners_pdf,Technical,frontend,frontend,TECHNICAL_ADMIN_EXCEPTION,page,static_scan::backend/hub_banners_pdf.py:35,EXEMPT
notification_delivery,Technical,invalid api key,API,TECHNICAL_ADMIN_EXCEPTION,admin settings,static_scan::backend/lib/notification_delivery.py:361,EXEMPT
notification_delivery,Technical,api key is invalid,API,TECHNICAL_ADMIN_EXCEPTION,admin settings,static_scan::backend/lib/notification_delivery.py:362,EXEMPT
notifications,Technical,/admin/governance,governance,TECHNICAL_ADMIN_EXCEPTION,oversight,static_scan::backend/routes/notifications.py:156,EXEMPT
notifications,Technical,/admin/governance,governance,TECHNICAL_ADMIN_EXCEPTION,oversight,static_scan::backend/routes/notifications.py:227,EXEMPT
notifications,Technical,Governance score dropped by 12 points overnight,governance,TECHNICAL_ADMIN_EXCEPTION,oversight,static_scan::backend/routes/notifications.py:29,EXEMPT
notifications,Technical,/admin/governance,governance,TECHNICAL_ADMIN_EXCEPTION,oversight,static_scan::backend/routes/notifications.py:32,EXEMPT
notifications,Technical,Operational records reference employee names HR's master cannot resolve. Resolving each one closes operational records back into the canonical identity timeline.,canonical,TECHNICAL_ADMIN_EXCEPTION,approved,static_scan::backend/routes/notifications.py:406,EXEMPT
notifications,Technical,"Visit Crew Compliance to see which of these are on your projects — read-only governance, but you can escalate to Safety/HR.",governance,TECHNICAL_ADMIN_EXCEPTION,oversight,static_scan::backend/routes/notifications.py:518,EXEMPT
notifications,Technical,Safety governance issue — surfaces here so FL knows incident exposure on the field side.,governance,TECHNICAL_ADMIN_EXCEPTION,oversight,static_scan::backend/routes/notifications.py:684,EXEMPT
pdf_render,Technical,"These files were attached to the canonical Daily Report record. Extraction results were not persisted on this report, so the PDF is listing the stored evidence references directly.",canonical,TECHNICAL_ADMIN_EXCEPTION,approved,static_scan::backend/pdf_render.py:322,EXEMPT
pdf_render,Technical,frontend,frontend,TECHNICAL_ADMIN_EXCEPTION,page,static_scan::backend/pdf_render.py:35,EXEMPT
pdf_render,Technical,frontend,frontend,TECHNICAL_ADMIN_EXCEPTION,page,static_scan::backend/pdf_render.py:36,EXEMPT
phase56_notify_audit_proof,Technical,Runtime cert · edit cycle,runtime,TECHNICAL_ADMIN_EXCEPTION,current view,static_scan::backend/tests/runtime_cert/phase56_notify_audit_proof.py:104,EXEMPT
phase56_notify_audit_proof,Technical,Runtime cert · remove cycle,runtime,TECHNICAL_ADMIN_EXCEPTION,current view,static_scan::backend/tests/runtime_cert/phase56_notify_audit_proof.py:113,EXEMPT
phase56_notify_audit_proof,Technical,Runtime cert · re-assign cycle,runtime,TECHNICAL_ADMIN_EXCEPTION,current view,static_scan::backend/tests/runtime_cert/phase56_notify_audit_proof.py:126,EXEMPT
phase56_notify_audit_proof,Technical,/app/backend,backend,TECHNICAL_ADMIN_EXCEPTION,system records,static_scan::backend/tests/runtime_cert/phase56_notify_audit_proof.py:29,EXEMPT
phase56_notify_audit_proof,Technical,ZZ-RUNTIME-CERT-2026,runtime,TECHNICAL_ADMIN_EXCEPTION,current view,static_scan::backend/tests/runtime_cert/phase56_notify_audit_proof.py:37,EXEMPT
phase56_notify_audit_proof,Technical,/app/backend/.env,backend,TECHNICAL_ADMIN_EXCEPTION,system records,static_scan::backend/tests/runtime_cert/phase56_notify_audit_proof.py:57,EXEMPT
pm_welcome_pdf,Technical,frontend,frontend,TECHNICAL_ADMIN_EXCEPTION,page,static_scan::backend/pm_welcome_pdf.py:38,EXEMPT
projectControlsApi,Technical,/admin/governance/project-controls/event-contracts,governance,TECHNICAL_ADMIN_EXCEPTION,oversight,static_scan::frontend/src/lib/projectControlsApi.js:37,EXEMPT
projectControlsApi,Technical,/admin/governance/project-controls/overview,governance,TECHNICAL_ADMIN_EXCEPTION,oversight,static_scan::frontend/src/lib/projectControlsApi.js:4,EXEMPT
submissionConfirmation,Technical,Service Truck Reconciliation Filed Successfully,reconciliation,TECHNICAL_ADMIN_EXCEPTION,review,static_scan::frontend/src/lib/submissionConfirmation.js:266,EXEMPT
submissionConfirmation,Technical,This service truck reconciliation is on file for shop accountability.,reconciliation,TECHNICAL_ADMIN_EXCEPTION,review,static_scan::frontend/src/lib/submissionConfirmation.js:267,EXEMPT
test_dr_pdf_002_executive_comprehension,Technical,/app/backend,backend,TECHNICAL_ADMIN_EXCEPTION,system records,static_scan::backend/tests/test_dr_pdf_002_executive_comprehension.py:10,EXEMPT
test_dr_pdf_002_executive_comprehension,Technical,/app/backend/pdf_render.py,backend,TECHNICAL_ADMIN_EXCEPTION,system records,static_scan::backend/tests/test_dr_pdf_002_executive_comprehension.py:285,EXEMPT
test_dr_pdf_002_executive_comprehension,Technical,/app/backend/pdf_render.py,backend,TECHNICAL_ADMIN_EXCEPTION,system records,static_scan::backend/tests/test_dr_pdf_002_executive_comprehension.py:307,EXEMPT
test_dr_pdf_003_polish_and_totals,Technical,/app/backend,backend,TECHNICAL_ADMIN_EXCEPTION,system records,static_scan::backend/tests/test_dr_pdf_003_polish_and_totals.py:17,EXEMPT
test_dr_pdf_003_polish_and_totals,Technical,/app/backend/pdf_render.py,backend,TECHNICAL_ADMIN_EXCEPTION,system records,static_scan::backend/tests/test_dr_pdf_003_polish_and_totals.py:279,EXEMPT
test_dr_pdf_003_polish_and_totals,Technical,/app/backend/pdf_render.py,backend,TECHNICAL_ADMIN_EXCEPTION,system records,static_scan::backend/tests/test_dr_pdf_003_polish_and_totals.py:359,EXEMPT
test_dr_roi_001f_v2_pdf,Technical,/api,API,TECHNICAL_ADMIN_EXCEPTION,admin settings,static_scan::backend/tests/test_dr_roi_001f_v2_pdf.py:173,EXEMPT
test_dr_roi_001f_v2_pdf,Technical,x-dr-v2-canonical-language,canonical,TECHNICAL_ADMIN_EXCEPTION,approved,static_scan::backend/tests/test_dr_roi_001f_v2_pdf.py:350,EXEMPT
test_dr_roi_001f_v2_pdf,Technical,x-dr-v2-canonical-language,canonical,TECHNICAL_ADMIN_EXCEPTION,approved,static_scan::backend/tests/test_dr_roi_001f_v2_pdf.py:436,EXEMPT
test_dr_roi_001f_v2_pdf,Technical,/app/frontend/src/pages/daily-report-v2/DailyReportV2.jsx,frontend,TECHNICAL_ADMIN_EXCEPTION,page,static_scan::backend/tests/test_dr_roi_001f_v2_pdf.py:446,EXEMPT
test_dr_roi_001f_v2_pdf,Technical,/app/frontend/src/pages/daily-report-v2/DailyReportV2.jsx,frontend,TECHNICAL_ADMIN_EXCEPTION,page,static_scan::backend/tests/test_dr_roi_001f_v2_pdf.py:456,EXEMPT
test_dr_roi_001f_v2_pdf,Technical,/app/backend/routes/dr_v2_pdf.py,backend,TECHNICAL_ADMIN_EXCEPTION,system records,static_scan::backend/tests/test_dr_roi_001f_v2_pdf.py:465,EXEMPT
test_dr_roi_001f_v2_pdf,Technical,frontend/src,frontend,TECHNICAL_ADMIN_EXCEPTION,page,static_scan::backend/tests/test_dr_roi_001f_v2_pdf.py:467,EXEMPT
test_dr_roi_001f_v2_pdf,Technical,/app/frontend/src,frontend,TECHNICAL_ADMIN_EXCEPTION,page,static_scan::backend/tests/test_dr_roi_001f_v2_pdf.py:545,EXEMPT
test_dr_roi_001f_v2_pdf,Technical,/app/frontend/src/components/DrV2ApprovedReportsPanel.jsx,frontend,TECHNICAL_ADMIN_EXCEPTION,page,static_scan::backend/tests/test_dr_roi_001f_v2_pdf.py:575,EXEMPT
test_dr_roi_001f_v2_pdf,Technical,/app/frontend/src/pages/daily-report-v2,frontend,TECHNICAL_ADMIN_EXCEPTION,page,static_scan::backend/tests/test_dr_roi_001f_v2_pdf.py:588,EXEMPT
test_iter182_backup_email_storm_fix,Technical,/app/backend,backend,TECHNICAL_ADMIN_EXCEPTION,system records,static_scan::backend/tests/test_iter182_backup_email_storm_fix.py:30,EXEMPT
test_iter182_backup_email_storm_fix,Technical,/app/backend/.env,backend,TECHNICAL_ADMIN_EXCEPTION,system records,static_scan::backend/tests/test_iter182_backup_email_storm_fix.py:41,EXEMPT
test_iter310_pdf_single_footer_invariant,Technical,backend/pdf_render.py,backend,TECHNICAL_ADMIN_EXCEPTION,system records,static_scan::backend/tests/test_iter310_pdf_single_footer_invariant.py:41,EXEMPT
test_iter310_pdf_single_footer_invariant,Technical,backend,backend,TECHNICAL_ADMIN_EXCEPTION,system records,static_scan::backend/tests/test_iter310_pdf_single_footer_invariant.py:43,EXEMPT
test_iter310_pdf_single_footer_invariant,Technical,iter310 lost: canonical 'Generated through MASCI Operations Platform',canonical,TECHNICAL_ADMIN_EXCEPTION,approved,static_scan::backend/tests/test_iter310_pdf_single_footer_invariant.py:84,EXEMPT
test_iter331_pdf_non_blocking,Technical,backend,backend,TECHNICAL_ADMIN_EXCEPTION,system records,static_scan::backend/tests/test_iter331_pdf_non_blocking.py:22,EXEMPT
test_iter331_pdf_non_blocking,Technical,backend,backend,TECHNICAL_ADMIN_EXCEPTION,system records,static_scan::backend/tests/test_iter331_pdf_non_blocking.py:34,EXEMPT
test_iter331_pdf_non_blocking,Technical,backend,backend,TECHNICAL_ADMIN_EXCEPTION,system records,static_scan::backend/tests/test_iter331_pdf_non_blocking.py:46,EXEMPT
test_iter331_pdf_non_blocking,Technical,backend,backend,TECHNICAL_ADMIN_EXCEPTION,system records,static_scan::backend/tests/test_iter331_pdf_non_blocking.py:54,EXEMPT
test_iter331_pdf_non_blocking,Technical,backend,backend,TECHNICAL_ADMIN_EXCEPTION,system records,static_scan::backend/tests/test_iter331_pdf_non_blocking.py:59,EXEMPT
test_iter337_pdf_header_reference,Technical,backend,backend,TECHNICAL_ADMIN_EXCEPTION,system records,static_scan::backend/tests/test_iter337_pdf_header_reference.py:16,EXEMPT
test_iter357_notifications_digest,Technical,/app/frontend/.env,frontend,TECHNICAL_ADMIN_EXCEPTION,page,static_scan::backend/tests/test_iter357_notifications_digest.py:29,EXEMPT
test_iter357_notifications_digest,Technical,/app/backend/.env,backend,TECHNICAL_ADMIN_EXCEPTION,system records,static_scan::backend/tests/test_iter357_notifications_digest.py:30,EXEMPT
test_notify_ownership_lock,Technical,/app/frontend/.env,frontend,TECHNICAL_ADMIN_EXCEPTION,page,static_scan::backend/tests/test_notify_ownership_lock.py:37,EXEMPT
test_pdf_lockup_sweep,Technical,frontend/src/pages/ViewInspection.jsx,frontend,TECHNICAL_ADMIN_EXCEPTION,page,static_scan::backend/tests/test_pdf_lockup_sweep.py:119,EXEMPT
test_pdf_lockup_sweep,Technical,frontend/src/pages/ViewIncident.jsx,frontend,TECHNICAL_ADMIN_EXCEPTION,page,static_scan::backend/tests/test_pdf_lockup_sweep.py:120,EXEMPT
test_pdf_lockup_sweep,Technical,frontend/src/pages/ViewDailyReport.jsx,frontend,TECHNICAL_ADMIN_EXCEPTION,page,static_scan::backend/tests/test_pdf_lockup_sweep.py:121,EXEMPT
test_pdf_lockup_sweep,Technical,frontend/src/pages/ViewMeeting.jsx,frontend,TECHNICAL_ADMIN_EXCEPTION,page,static_scan::backend/tests/test_pdf_lockup_sweep.py:122,EXEMPT
test_pdf_lockup_sweep,Technical,frontend/src/lib/printReport.js,frontend,TECHNICAL_ADMIN_EXCEPTION,page,static_scan::backend/tests/test_pdf_lockup_sweep.py:150,EXEMPT
test_pdf_lockup_sweep,Technical,backend/pdf_branding.py,backend,TECHNICAL_ADMIN_EXCEPTION,system records,static_scan::backend/tests/test_pdf_lockup_sweep.py:20,EXEMPT
test_pdf_lockup_sweep,Technical,backend/server.py,backend,TECHNICAL_ADMIN_EXCEPTION,system records,static_scan::backend/tests/test_pdf_lockup_sweep.py:21,EXEMPT
test_pdf_lockup_sweep,Technical,backend/routes/master_history.py,backend,TECHNICAL_ADMIN_EXCEPTION,system records,static_scan::backend/tests/test_pdf_lockup_sweep.py:54,EXEMPT
test_pdf_lockup_sweep,Technical,backend/routes/training_center.py,backend,TECHNICAL_ADMIN_EXCEPTION,system records,static_scan::backend/tests/test_pdf_lockup_sweep.py:55,EXEMPT
test_pdf_lockup_sweep,Technical,backend/routes/safety_portal/fire_ext_attachments.py,backend,TECHNICAL_ADMIN_EXCEPTION,system records,static_scan::backend/tests/test_pdf_lockup_sweep.py:56,EXEMPT
test_pdf_lockup_sweep,Technical,backend/routes,backend,TECHNICAL_ADMIN_EXCEPTION,system records,static_scan::backend/tests/test_pdf_lockup_sweep.py:83,EXEMPT
test_rel01_backup_notification_truth,Technical,/app/backend/server.py,backend,TECHNICAL_ADMIN_EXCEPTION,system records,static_scan::backend/tests/test_rel01_backup_notification_truth.py:6,EXEMPT
test_s1_4_notification_delivery_certification,Technical,Verify backend health and environment configuration.,backend,TECHNICAL_ADMIN_EXCEPTION,system records,static_scan::backend/tests/test_s1_4_notification_delivery_certification.py:103,EXEMPT
test_s1_4_notification_delivery_certification,Technical,Verify backend is healthy.,backend,TECHNICAL_ADMIN_EXCEPTION,system records,static_scan::backend/tests/test_s1_4_notification_delivery_certification.py:106,EXEMPT
test_s1_4_notification_delivery_certification,Technical,API key is invalid,API,TECHNICAL_ADMIN_EXCEPTION,admin settings,static_scan::backend/tests/test_s1_4_notification_delivery_certification.py:181,EXEMPT
test_s1_4_notification_delivery_certification,Technical,Expected provider_accepted=False due to invalid API key,API,TECHNICAL_ADMIN_EXCEPTION,admin settings,static_scan::backend/tests/test_s1_4_notification_delivery_certification.py:212,EXEMPT
test_s1_4_notification_delivery_certification,Technical,api key,API,TECHNICAL_ADMIN_EXCEPTION,admin settings,static_scan::backend/tests/test_s1_4_notification_delivery_certification.py:217,EXEMPT
test_s1_4_notification_delivery_certification,Technical,API key is invalid,API,TECHNICAL_ADMIN_EXCEPTION,admin settings,static_scan::backend/tests/test_s1_4_notification_delivery_certification.py:376,EXEMPT
test_s1_4_notification_delivery_certification,Technical,api key,API,TECHNICAL_ADMIN_EXCEPTION,admin settings,static_scan::backend/tests/test_s1_4_notification_delivery_certification.py:400,EXEMPT
test_s1_4_notification_delivery_certification,Technical,Should not show provider_accepted when API key is invalid,API,TECHNICAL_ADMIN_EXCEPTION,admin settings,static_scan::backend/tests/test_s1_4_notification_delivery_certification.py:405,EXEMPT
test_s1_4_notification_delivery_certification,Technical,Verify webhook reconciliation logic remains intact.,reconciliation,TECHNICAL_ADMIN_EXCEPTION,review,static_scan::backend/tests/test_s1_4_notification_delivery_certification.py:411,EXEMPT
test_s1_4_notification_delivery_certification,Technical,api key,API,TECHNICAL_ADMIN_EXCEPTION,admin settings,static_scan::backend/tests/test_s1_4_notification_delivery_certification.py:575,EXEMPT
test_s1_4_notification_delivery_certification,Technical,CERTIFICATION RESULT: BLOCKER - Provider auth failed (API key invalid),API,TECHNICAL_ADMIN_EXCEPTION,admin settings,static_scan::backend/tests/test_s1_4_notification_delivery_certification.py:576,EXEMPT
test_sm_pdf_001_meeting_layout,Technical,/app/backend,backend,TECHNICAL_ADMIN_EXCEPTION,system records,static_scan::backend/tests/test_sm_pdf_001_meeting_layout.py:13,EXEMPT
test_sm_pdf_001_meeting_layout,Technical,/app/backend/pdf_render.py,backend,TECHNICAL_ADMIN_EXCEPTION,system records,static_scan::backend/tests/test_sm_pdf_001_meeting_layout.py:299,EXEMPT
test_sm_pdf_001_meeting_layout,Technical,Static guard — `_render_meeting` must not write to any collection.,collection,TECHNICAL_ADMIN_EXCEPTION,record list,static_scan::backend/tests/test_sm_pdf_001_meeting_layout.py:305,EXEMPT
test_sm_pdf_001_meeting_layout,Technical,/app/backend/pdf_render.py,backend,TECHNICAL_ADMIN_EXCEPTION,system records,static_scan::backend/tests/test_sm_pdf_001_meeting_layout.py:306,EXEMPT
test_track_15_28c_notification_canonicalization,Technical,legacy collection tasks_notifications must be dropped,collection,TECHNICAL_ADMIN_EXCEPTION,record list,static_scan::backend/tests/test_track_15_28c_notification_canonicalization.py:119,EXEMPT
test_track_15_73q_pm_email_coverage,Technical,/app/backend/.env,backend,TECHNICAL_ADMIN_EXCEPTION,system records,static_scan::backend/tests/test_track_15_73q_pm_email_coverage.py:16,EXEMPT
test_track_15_73q_pm_email_coverage,Technical,/app/frontend/.env,frontend,TECHNICAL_ADMIN_EXCEPTION,page,static_scan::backend/tests/test_track_15_73q_pm_email_coverage.py:17,EXEMPT
test_track_16_09_transportation_dispatch_gate_email_pilot,Technical,backend,backend,TECHNICAL_ADMIN_EXCEPTION,system records,static_scan::backend/tests/test_track_16_09_transportation_dispatch_gate_email_pilot.py:26,EXEMPT
test_track_16_09_transportation_dispatch_gate_email_pilot,Technical,No transport_persons row → gate doesn't block (governance N/A).,governance,TECHNICAL_ADMIN_EXCEPTION,oversight,static_scan::backend/tests/test_track_16_09_transportation_dispatch_gate_email_pilot.py:272,EXEMPT
test_track_19_18_pdf_excellence,Technical,<th>Payload</th>,payload,TECHNICAL_ADMIN_EXCEPTION,submitted details,static_scan::backend/tests/test_track_19_18_pdf_excellence.py:168,EXEMPT
test_track_21_2e_email_safety,Technical,Non-TEST_ payload inventory must exist,payload,TECHNICAL_ADMIN_EXCEPTION,submitted details,static_scan::backend/tests/test_track_21_2e_email_safety.py:180,EXEMPT
test_track_21_2e_email_safety,Technical,Preview backend/.env must declare EMAIL_SAFETY_MODE=strict,backend,TECHNICAL_ADMIN_EXCEPTION,system records,static_scan::backend/tests/test_track_21_2e_email_safety.py:197,EXEMPT
test_track_21_2e_email_safety,Technical,One of the current backend logs must record the SDK patch activation.,backend,TECHNICAL_ADMIN_EXCEPTION,system records,static_scan::backend/tests/test_track_21_2e_email_safety.py:204,EXEMPT
test_track_21_2e_email_safety,Technical,backend*.log,backend,TECHNICAL_ADMIN_EXCEPTION,system records,static_scan::backend/tests/test_track_21_2e_email_safety.py:205,EXEMPT
test_track_21_2e_email_safety,Technical,backend,backend,TECHNICAL_ADMIN_EXCEPTION,system records,static_scan::backend/tests/test_track_21_2e_email_safety.py:21,EXEMPT
test_track_21_2e_email_safety,Technical,Backend supervisor logs must contain the Track 21.2 SDK-patch,backend,TECHNICAL_ADMIN_EXCEPTION,system records,static_scan::backend/tests/test_track_21_2e_email_safety.py:217,EXEMPT
test_track_22_1b_email_dispatch,Technical,backend,backend,TECHNICAL_ADMIN_EXCEPTION,system records,static_scan::backend/tests/test_track_22_1b_email_dispatch.py:30,EXEMPT
test_track_22_1g_non_email_scheduler_migration,Technical,backend,backend,TECHNICAL_ADMIN_EXCEPTION,system records,static_scan::backend/tests/test_track_22_1g_non_email_scheduler_migration.py:30,EXEMPT
test_track_22_1h_email_scheduler_migration,Technical,backend,backend,TECHNICAL_ADMIN_EXCEPTION,system records,static_scan::backend/tests/test_track_22_1h_email_scheduler_migration.py:32,EXEMPT
test_track_27_10_golden_pdf_regression,Technical,/app/backend,backend,TECHNICAL_ADMIN_EXCEPTION,system records,static_scan::backend/tests/test_track_27_10_golden_pdf_regression.py:4,EXEMPT
test_wp13_briefing_live,Technical,PASS: Project briefing already frozen (governance working),governance,TECHNICAL_ADMIN_EXCEPTION,oversight,static_scan::backend/tests/test_wp13_briefing_live.py:105,EXEMPT
test_wp13_briefing_live,Technical,PASS: Project briefing already frozen (governance working),governance,TECHNICAL_ADMIN_EXCEPTION,oversight,static_scan::backend/tests/test_wp13_briefing_live.py:141,EXEMPT
test_wp13_briefing_live,Technical,Frozen briefings cannot be regenerated (governance discipline),governance,TECHNICAL_ADMIN_EXCEPTION,oversight,static_scan::backend/tests/test_wp13_briefing_live.py:184,EXEMPT
test_wp13_briefing_live,Technical,PASS: Enterprise briefing already frozen (governance working),governance,TECHNICAL_ADMIN_EXCEPTION,oversight,static_scan::backend/tests/test_wp13_briefing_live.py:238,EXEMPT
test_wp13_briefing_live,Technical,PASS: Enterprise briefing already frozen (governance working),governance,TECHNICAL_ADMIN_EXCEPTION,oversight,static_scan::backend/tests/test_wp13_briefing_live.py:264,EXEMPT
test_wp13_briefing_live,Technical,WP-13: Governance discipline checks,governance,TECHNICAL_ADMIN_EXCEPTION,oversight,static_scan::backend/tests/test_wp13_briefing_live.py:310,EXEMPT
test_wp13_briefing_live,Technical,Briefing must surface warnings from canonical data,canonical,TECHNICAL_ADMIN_EXCEPTION,approved,static_scan::backend/tests/test_wp13_briefing_live.py:337,EXEMPT
test_wp18cy_daily_report_email_transport,Technical,Daily Report submitted — Runtime Project,runtime,TECHNICAL_ADMIN_EXCEPTION,current view,static_scan::backend/tests/test_wp18cy_daily_report_email_transport.py:102,EXEMPT
test_wp18cy_daily_report_email_transport,Technical,Runtime Project,runtime,TECHNICAL_ADMIN_EXCEPTION,current view,static_scan::backend/tests/test_wp18cy_daily_report_email_transport.py:114,EXEMPT
track_15_41_pdf_compare,Technical,"Stripped, non-empty lines. Token-of-truth for",truth,TECHNICAL_ADMIN_EXCEPTION,approved record,static_scan::backend/scripts/track_15_41_pdf_compare.py:30,EXEMPT
track_15_65_seed_email_routes,Technical,Single fallback when shop_users collection is empty (Pre-Op fail / OOS).,collection,TECHNICAL_ADMIN_EXCEPTION,record list,static_scan::backend/scripts/track_15_65_seed_email_routes.py:128,EXEMPT
track_15_65_seed_email_routes,Technical,read-only audit of the route catalog,route,TECHNICAL_ADMIN_EXCEPTION,page,static_scan::backend/scripts/track_15_65_seed_email_routes.py:422,EXEMPT
training,Training / Localization,Trust but verify. The Integrity Check proves that every collection currently in your live DB is captured in the most recent backup — catches new collections that a future feature adds without updating the backup routine.,collection,TECHNICAL_ADMIN_EXCEPTION,record list,static_scan::frontend/src/data/training.js:783,EXEMPT
training,Training / Localization,Lesson 6 — Safe Deploy / Redeploy Workflow (Pre-Deploy Snapshot + Atlas),snapshot,TECHNICAL_ADMIN_EXCEPTION,saved update,static_scan::frontend/src/data/training.js:828,EXEMPT
training_pdf,Technical,"Pipeline: photo → indexer mirrors to job_photos → frontend requests /thumb-signed?t=<token> → backend checks cache → if miss, decodes (Pillow + pillow-heif) → encodes WebP/AVIF/JPEG in one pass → stores all 3 → serves right format per Accept header.",backend,TECHNICAL_ADMIN_EXCEPTION,system records,static_scan::backend/training_pdf.py:1095,EXEMPT
training_pdf,Technical,"Pipeline: photo → indexer mirrors to job_photos → frontend requests /thumb-signed?t=<token> → backend checks cache → if miss, decodes (Pillow + pillow-heif) → encodes WebP/AVIF/JPEG in one pass → stores all 3 → serves right format per Accept header.",frontend,TECHNICAL_ADMIN_EXCEPTION,page,static_scan::backend/training_pdf.py:1095,EXEMPT
training_pdf,Technical,"Frontend cap: 6 thumb requests in flight, gated by IntersectionObserver (300px rootMargin).",frontend,TECHNICAL_ADMIN_EXCEPTION,page,static_scan::backend/training_pdf.py:1097,EXEMPT
training_pdf,Technical,"Pipeline: foto → indexer → job_photos → frontend pide /thumb-signed → backend revisa caché → si miss, decodifica (Pillow + pillow-heif) → encodea WebP/AVIF/JPEG en una pasada → guarda los 3 → sirve formato según Accept.",backend,TECHNICAL_ADMIN_EXCEPTION,system records,static_scan::backend/training_pdf.py:1104,EXEMPT
training_pdf,Technical,"Pipeline: foto → indexer → job_photos → frontend pide /thumb-signed → backend revisa caché → si miss, decodifica (Pillow + pillow-heif) → encodea WebP/AVIF/JPEG en una pasada → guarda los 3 → sirve formato según Accept.",frontend,TECHNICAL_ADMIN_EXCEPTION,page,static_scan::backend/training_pdf.py:1104,EXEMPT
training_pdf,Technical,"Tope frontend: 6 peticiones en vuelo, gateadas por IntersectionObserver (300px rootMargin).",frontend,TECHNICAL_ADMIN_EXCEPTION,page,static_scan::backend/training_pdf.py:1106,EXEMPT
training_pdf,Technical,Render concurrency 2 (semaphore). Frontend 6 in-flight tiles.,frontend,TECHNICAL_ADMIN_EXCEPTION,page,static_scan::backend/training_pdf.py:1114,EXEMPT
training_pdf,Technical,Concurrencia 2 (semáforo). Frontend 6 mosaicos en vuelo.,frontend,TECHNICAL_ADMIN_EXCEPTION,page,static_scan::backend/training_pdf.py:1115,EXEMPT
training_pdf,Technical,Outstanding equipment count updates live from the equipment_checkout collection.,collection,TECHNICAL_ADMIN_EXCEPTION,record list,static_scan::backend/training_pdf.py:1164,EXEMPT
training_pdf,Technical,Empty state when collection is empty (new install).,collection,TECHNICAL_ADMIN_EXCEPTION,record list,static_scan::backend/training_pdf.py:1383,EXEMPT
training_pdf,Technical,frontend,frontend,TECHNICAL_ADMIN_EXCEPTION,page,static_scan::backend/training_pdf.py:28,EXEMPT
training_pdf,Technical,"iPhone HEIC photos render correctly (backend converts HEIC → WebP/AVIF/JPEG). Pre-Op photos NOT in library — diagnostic, not progress documentation.",backend,TECHNICAL_ADMIN_EXCEPTION,system records,static_scan::backend/training_pdf.py:803,EXEMPT
training_pdf,Technical,Fotos HEIC del iPhone renderizan bien (backend convierte). Fotos Pre-Op NO en biblioteca — son diagnóstico.,backend,TECHNICAL_ADMIN_EXCEPTION,system records,static_scan::backend/training_pdf.py:813,EXEMPT
training_pdf,Technical,React (frontend) + FastAPI (backend) + MongoDB. Deployed at mascidocs.com.,backend,TECHNICAL_ADMIN_EXCEPTION,system records,static_scan::backend/training_pdf.py:833,EXEMPT
training_pdf,Technical,React (frontend) + FastAPI (backend) + MongoDB. Deployed at mascidocs.com.,frontend,TECHNICAL_ADMIN_EXCEPTION,page,static_scan::backend/training_pdf.py:833,EXEMPT
training_pdf,Technical,Content: ONE zip per run — MASCI_full_backup_YYYY-MM-DD_HHMMSSZ.zip. Every collection as JSON + all uploaded files.,collection,TECHNICAL_ADMIN_EXCEPTION,record list,static_scan::backend/training_pdf.py:862,EXEMPT
training_pdf,Technical,Storage: /app/backend/backups/. Listed via Admin → On-Server Backups.,backend,TECHNICAL_ADMIN_EXCEPTION,system records,static_scan::backend/training_pdf.py:863,EXEMPT
training_pdf,Technical,Inside the .zip: normal file. Unzip in Explorer/Finder. JSON per collection. PDFs. Base64 photos. Not encrypted — store safely.,collection,TECHNICAL_ADMIN_EXCEPTION,record list,static_scan::backend/training_pdf.py:866,EXEMPT
training_pdf,Technical,Scheduled backup failed? Check /app/backend logs (grep 'scheduled-backup'). Usually disk space.,backend,TECHNICAL_ADMIN_EXCEPTION,system records,static_scan::backend/training_pdf.py:868,EXEMPT
training_pdf,Technical,Almacenamiento: /app/backend/backups/. Listado vía Admin → Respaldos en Servidor.,backend,TECHNICAL_ADMIN_EXCEPTION,system records,static_scan::backend/training_pdf.py:873,EXEMPT
training_pdf,Technical,¿Respaldo programado falló? Revise logs /app/backend (grep 'scheduled-backup'). Usualmente espacio en disco.,backend,TECHNICAL_ADMIN_EXCEPTION,system records,static_scan::backend/training_pdf.py:878,EXEMPT
training_pdf,Technical,Trust but verify. Integrity Check proves every live collection is captured in the most recent backup.,collection,TECHNICAL_ADMIN_EXCEPTION,record list,static_scan::backend/training_pdf.py:920,EXEMPT
training_pdf,Technical,Status: /api/admin/crew-recovery/status. Shows live DB vs seed counts.,API,TECHNICAL_ADMIN_EXCEPTION,admin settings,static_scan::backend/training_pdf.py:947,EXEMPT
training_pdf,Technical,Reset Password: /api/admin/crew-recovery/reset-password. Rare.,API,TECHNICAL_ADMIN_EXCEPTION,admin settings,static_scan::backend/training_pdf.py:948,EXEMPT
training_pdf,Technical,Estado: /api/admin/crew-recovery/status. Muestra DB en vivo vs semilla.,API,TECHNICAL_ADMIN_EXCEPTION,admin settings,static_scan::backend/training_pdf.py:954,EXEMPT
training_pdf,Technical,Reiniciar Contraseña: /api/admin/crew-recovery/reset-password. Raro.,API,TECHNICAL_ADMIN_EXCEPTION,admin settings,static_scan::backend/training_pdf.py:955,EXEMPT
training_pdf,Technical,"6 — Smoke: curl /api/health, login all 3 tiers, spot-check dashboards, Backup panel.",API,TECHNICAL_ADMIN_EXCEPTION,admin settings,static_scan::backend/training_pdf.py:978,EXEMPT
training_pdf,Technical,"6 — Prueba: curl /api/health, login en 3 niveles, tableros, panel Respaldo.",API,TECHNICAL_ADMIN_EXCEPTION,admin settings,static_scan::backend/training_pdf.py:988,EXEMPT
/DesignSystemDemo,Operator,StatusChip · Canonical Status Registry,canonical,OPERATOR_FACING,approved,static_scan::frontend/src/pages/DesignSystemDemo.jsx:145,FAIL
/DispatchBoard,Dispatch,Calm operational truth · forgiving transitions · governance signals,governance,OPERATOR_FACING,oversight,static_scan::frontend/src/pages/DispatchBoard.jsx:632,FAIL
/DispatchBoard,Dispatch,Calm operational truth · forgiving transitions · governance signals,truth,OPERATOR_FACING,approved record,static_scan::frontend/src/pages/DispatchBoard.jsx:632,FAIL
/DispatchBoard,Dispatch,Every truck moves through 13 canonical states. Non-standard transitions are accepted but tagged so operations are never blocked. See the glossary for full definitions.,canonical,OPERATOR_FACING,approved,static_scan::frontend/src/pages/DispatchBoard.jsx:637,FAIL
/DispatchBoard,Dispatch,"Read-only · refreshes every 5 seconds · no chat, no maps, no analytics. The lifecycle engine is the single source of operational truth — every action here delegates to it so nothing gets out of sync.",truth,OPERATOR_FACING,approved record,static_scan::frontend/src/pages/DispatchBoard.jsx:649,FAIL
/DispatchHub,Dispatch,Driver taps are the source of operational truth.,truth,OPERATOR_FACING,approved record,static_scan::frontend/src/pages/DispatchHub.jsx:544,FAIL
/FieldLeadershipFormPage,Field Leadership,Saved as free-text. This will appear as an EMP_LINK_UNRESOLVABLE finding in Governance Health until you either pick from the roster or add this person to the employee master.,governance,OPERATOR_FACING,oversight,static_scan::frontend/src/pages/FieldLeadershipFormPage.jsx:925,FAIL
/FieldLeadershipRecords,Field Leadership,Operations support,operations support,OPERATOR_FACING,project support,static_scan::frontend/src/pages/FieldLeadershipRecords.jsx:260,FAIL
/FieldLeadershipRecords,Field Leadership,Operations support work,operations support,OPERATOR_FACING,project support,static_scan::frontend/src/pages/FieldLeadershipRecords.jsx:261,FAIL
/FieldLeadershipView,Field Leadership,Operations support,operations support,OPERATOR_FACING,project support,static_scan::frontend/src/pages/FieldLeadershipView.jsx:205,FAIL
/FieldLeadershipView,Field Leadership,Operations support work,operations support,OPERATOR_FACING,project support,static_scan::frontend/src/pages/FieldLeadershipView.jsx:205,FAIL
/FieldLeadershipView,Field Leadership,Operations support work,operations support,OPERATOR_FACING,project support,static_scan::frontend/src/pages/FieldLeadershipView.jsx:205,FAIL
/FleetVisibility,Operator,Safety · Fleet Governance,governance,OPERATOR_FACING,oversight,static_scan::frontend/src/pages/FleetVisibility.jsx:478,FAIL
/HrEmployees,HR,HR is the source of truth — link via Transportation admin if this employee should be dispatch-eligible.,truth,OPERATOR_FACING,approved record,static_scan::frontend/src/pages/HrEmployees.jsx:1777,FAIL
/HrEmployees,HR,Read-only · HR is the source of truth · Transportation is reactive,truth,OPERATOR_FACING,approved record,static_scan::frontend/src/pages/HrEmployees.jsx:1831,FAIL
/HrIncidents,HR,Source of truth,truth,OPERATOR_FACING,approved record,static_scan::frontend/src/pages/HrIncidents.jsx:122,FAIL
/NewEquipmentInspection,Operator,Equipment Type (legacy compat · auto-set from canonical record),canonical,OPERATOR_FACING,approved,static_scan::frontend/src/pages/NewEquipmentInspection.jsx:1018,FAIL
/NewEquipmentInspection,Operator,Canonical asset_type is authoritative · this dropdown is retained for backward compatibility only.,canonical,OPERATOR_FACING,approved,static_scan::frontend/src/pages/NewEquipmentInspection.jsx:1041,FAIL
/NewEquipmentInspection,Operator,Not in roster — will create governance finding,governance,OPERATOR_FACING,oversight,static_scan::frontend/src/pages/NewEquipmentInspection.jsx:879,FAIL
/NewMeeting,Operator,Not in roster — will create governance finding,governance,OPERATOR_FACING,oversight,static_scan::frontend/src/pages/NewMeeting.jsx:1049,FAIL
/OperationsControlCaseDetail,Operator,Supporting records,supporting records,OPERATOR_FACING,where these numbers came from,static_scan::frontend/src/pages/OperationsControlCaseDetail.jsx:284,FAIL
/OperationsControlCaseDetail,Operator,"This case stays open until follow-up work, messages, and supporting records are complete.",supporting records,OPERATOR_FACING,where these numbers came from,static_scan::frontend/src/pages/OperationsControlCaseDetail.jsx:296,FAIL
/OperationsControlCaseDetail,Operator,Supporting records,supporting records,OPERATOR_FACING,where these numbers came from,static_scan::frontend/src/pages/OperationsControlCaseDetail.jsx:85,FAIL
/OperationsControlCenter,Operator,Operations support overview,operations support,OPERATOR_FACING,project support,static_scan::frontend/src/pages/OperationsControlCenter.jsx:346,FAIL
/OperationsControlCenter,Operator,Current snapshot,snapshot,OPERATOR_FACING,saved update,static_scan::frontend/src/pages/OperationsControlCenter.jsx:387,FAIL
/OperationsControlCenter,Operator,Saved snapshot:,snapshot,OPERATOR_FACING,saved update,static_scan::frontend/src/pages/OperationsControlCenter.jsx:390,FAIL
/PmHubV2,PM,Open constraints blocking project work — Project Risks are permanently relabelled as Project Constraints,project work,OPERATOR_FACING,project details,static_scan::frontend/src/pages/PmHubV2.jsx:421,FAIL
/PmMondayReviewWorkspace,PM,Payroll Reconciliation,reconciliation,OPERATOR_FACING,review,static_scan::frontend/src/pages/PmMondayReviewWorkspace.jsx:549,FAIL
/PmProjectBudgetAuthority,PM,"Review budget imports, approve line setup, and activate the budget version without guessing job cost truth.",truth,OPERATOR_FACING,approved record,static_scan::frontend/src/pages/PmProjectBudgetAuthority.jsx:374,FAIL
/PmProjectBudgetAuthority,PM,"Customer pay items stay contract truth, company work types stay admin-managed, and each budget line stays ready for job cost review.",truth,OPERATOR_FACING,approved record,static_scan::frontend/src/pages/PmProjectBudgetAuthority.jsx:382,FAIL
/PmProjectControlsAuthority,PM,These remain customer / contract truth for this project only.,truth,OPERATOR_FACING,approved record,static_scan::frontend/src/pages/PmProjectControlsAuthority.jsx:235,FAIL
/PmProjectSchedule,PM,"Prepare master schedule, lookahead, crew, equipment, material, and work-package plan exports without creating a parallel reporting truth.",truth,OPERATOR_FACING,approved record,static_scan::frontend/src/pages/PmProjectSchedule.jsx:728,FAIL
/PmProjectSchedule,PM,Unclear schedule links stay here with a reason instead of becoming silent schedule truth.,truth,OPERATOR_FACING,approved record,static_scan::frontend/src/pages/PmProjectSchedule.jsx:860,FAIL
/PmProjectThread,PM,Haul cycle vs. scale-ticket reconciliation flagged for review.,reconciliation,OPERATOR_FACING,review,static_scan::frontend/src/pages/PmProjectThread.jsx:160,FAIL
/PmWorkOrders,PM,Checklist results (read-only snapshot),snapshot,OPERATOR_FACING,saved update,static_scan::frontend/src/pages/shop/PmWorkOrders.jsx:292,FAIL
/ProjectPnlPage,Operator,Pick a project to see the live cost snapshot.,snapshot,OPERATOR_FACING,saved update,static_scan::frontend/src/pages/ProjectPnlPage.jsx:226,FAIL
/PublicExcavationForm,Operator,• Preserves bilingual field notes with canonical English storage,canonical,OPERATOR_FACING,approved,static_scan::frontend/src/pages/trench_safety/PublicExcavationForm.jsx:325,FAIL
/SafetyCaseWorkspace,Safety,Executive snapshot,snapshot,OPERATOR_FACING,saved update,static_scan::frontend/src/pages/SafetyCaseWorkspace.jsx:211,FAIL
/SafetyCorrectiveActions,Safety,"Safety owns CAPA governance — create, edit, advance, verify, close. HR adds labor/accountability notes only (no Safety override). PM and FL get read-only visibility on records affecting their crews. Admin keeps supervisory authority.",governance,OPERATOR_FACING,oversight,static_scan::frontend/src/pages/SafetyCorrectiveActions.jsx:360,FAIL
/SafetyCorrectiveActions,Safety,"Open and Verified CAPAs surface on the PM Crew Compliance lens, HR Accountability Timeline, Governance Health dashboard, and Compliance Findings. Closed CAPAs remain in the audit trail forever.",governance,OPERATOR_FACING,oversight,static_scan::frontend/src/pages/SafetyCorrectiveActions.jsx:368,FAIL
/SafetyCorrectiveActions,Safety,Open CAPAs that never close are silent operational debt. Severe incidents without a CAPA are a governance failure surfaced by Governance Health. Every status change is appended to the CAPA's status_history for OSHA / DOT / insurance review.,governance,OPERATOR_FACING,oversight,static_scan::frontend/src/pages/SafetyCorrectiveActions.jsx:372,FAIL
/SafetyDigest,Safety,This week's snapshot,snapshot,OPERATOR_FACING,saved update,static_scan::frontend/src/pages/SafetyDigest.jsx:91,FAIL
/SafetyReports,Safety,"Operational reports the team hands to insurance, OSHA, the leadership team, and project owners. Each export pulls from the same live data the portal displays — never a stale snapshot.",snapshot,OPERATOR_FACING,saved update,static_scan::frontend/src/pages/SafetyReports.jsx:178,FAIL
/ServiceTruckReconciliationDetail,Operator,Reconciliation #:,reconciliation,OPERATOR_FACING,review,static_scan::frontend/src/pages/shop/ServiceTruckReconciliationDetail.jsx:108,FAIL
/ServiceTruckReconciliationForm,Operator,Reconciliation id (optional),reconciliation,OPERATOR_FACING,review,static_scan::frontend/src/pages/shop/ServiceTruckReconciliationForm.jsx:235,FAIL
/ServiceTruckReconciliationForm,Operator,Reconciliation id,reconciliation,OPERATOR_FACING,review,static_scan::frontend/src/pages/shop/ServiceTruckReconciliationForm.jsx:286,FAIL
/ServiceTruckReconciliationForm,Operator,Reconciliation id,reconciliation,OPERATOR_FACING,review,static_scan::frontend/src/pages/shop/ServiceTruckReconciliationForm.jsx:294,FAIL
/ServiceTruckReconciliationRecords,Operator,Reconciliation #,reconciliation,OPERATOR_FACING,review,static_scan::frontend/src/pages/shop/ServiceTruckReconciliationRecords.jsx:112,FAIL
/ShopHubV2,Operator,Reconciliation records,reconciliation,OPERATOR_FACING,review,static_scan::frontend/src/pages/ShopHubV2.jsx:842,FAIL
/ShopHubV2,Operator,Reconciliation Records,reconciliation,OPERATOR_FACING,review,static_scan::frontend/src/pages/ShopHubV2.jsx:892,FAIL
/TrenchSafetyPulse,Safety,No pulses generated yet. Press Generate Snapshot to create the first.,snapshot,OPERATOR_FACING,saved update,static_scan::frontend/src/pages/trench_safety/TrenchSafetyPulse.jsx:201,FAIL
/TrenchSafetyPulse,Safety,Generate Snapshot,snapshot,OPERATOR_FACING,saved update,static_scan::frontend/src/pages/trench_safety/TrenchSafetyPulse.jsx:89,FAIL
/TrenchSafetyReports,Safety,"All figures are read directly from the Trench Safety registry, activity log, inspection/repair/hold collections, and the latest stored Pulse snapshot. No separate analytics layer or duplicate data store.",snapshot,OPERATOR_FACING,saved update,static_scan::frontend/src/pages/trench_safety/TrenchSafetyReports.jsx:563,FAIL
/V2Index,Operator,Live-swapped portals are mounted at their canonical routes with legacy rollback preserved. Companion lanes supplement the classic portal. Retired lanes are documented for history only.,canonical,OPERATOR_FACING,approved,static_scan::frontend/src/pages/V2Index.jsx:236,FAIL
/_lists,Operator,View-only snapshot. Make employment changes in HR.,snapshot,OPERATOR_FACING,saved update,static_scan::frontend/src/pages/transportation/_lists.jsx:1152,FAIL
/pm/portfolio-intelligence,PM,"Cross-project visibility for cost, commitments, and schedule truth in your scope",truth,OPERATOR_FACING,approved record,static_scan::frontend/src/pages/PmPortfolioIntelligence.jsx:96,FAIL
AddAssetDialog,Shared Operator Component,Create a canonical asset record.,canonical,OPERATOR_FACING,approved,static_scan::frontend/src/components/asset/AddAssetDialog.jsx:189,FAIL
AssignmentCreateDrawer,Shared Operator Component,Truck appears on the board immediately. Driver lifecycle stays the source of operational truth.,truth,OPERATOR_FACING,approved record,static_scan::frontend/src/components/dispatch/AssignmentCreateDrawer.jsx:1006,FAIL
AssignmentCreateDrawer,Shared Operator Component,"Tanker / Liquid Asphalt: dispatch picks the truck, tanker trailer, terminal/source, destination plant or tank, and the liquid product. Same lifecycle, same board — feeds plant continuity and supply truth.",truth,OPERATOR_FACING,approved record,static_scan::frontend/src/components/dispatch/AssignmentCreateDrawer.jsx:674,FAIL
AssignmentCreateDrawer,Shared Operator Component,"Truck is required. Driver is optional — self-start can claim later. Pick a project, source, and material so operational memory stays accurate. Wait reasons stay canonical (set later via the driver lifecycle).",canonical,OPERATOR_FACING,approved,static_scan::frontend/src/components/dispatch/AssignmentCreateDrawer.jsx:675,FAIL
CanonicalInspectionSections,Shared Operator Component,Building inspection from canonical record…,canonical,OPERATOR_FACING,approved,static_scan::frontend/src/components/CanonicalInspectionSections.jsx:197,FAIL
DispatchLiveSnapshot,Shared Operator Component,Live Fleet Snapshot,snapshot,OPERATOR_FACING,saved update,static_scan::frontend/src/components/DispatchLiveSnapshot.jsx:103,FAIL
DispatchLiveSnapshot,Shared Operator Component,Live refresh failed. Dispatch is showing the last good fleet snapshot instead of a blank widget.,snapshot,OPERATOR_FACING,saved update,static_scan::frontend/src/components/DispatchLiveSnapshot.jsx:71,FAIL
Earned Value shared workspace,Executive / PM / Admin,No AI-generated truth,truth,OPERATOR_FACING,approved record,static_scan::frontend/src/components/project_controls/EarnedValueWorkspace.jsx:117,FAIL
Earned Value shared workspace,Executive / PM / Admin,No EV limitations were published.,EV,OPERATOR_FACING,value of work completed,static_scan::frontend/src/components/project_controls/EarnedValueWorkspace.jsx:303,FAIL
EmployeeRosterField,Shared Operator Component,Saved as free-text. This will appear as an EMP_LINK_UNRESOLVABLE finding in Governance Health until you either pick from the roster or add this person to the employee master.,governance,OPERATOR_FACING,oversight,static_scan::frontend/src/components/EmployeeRosterField.jsx:166,FAIL
FlAccountabilityWidget,Shared Operator Component,Could not load employee snapshot.,snapshot,OPERATOR_FACING,saved update,static_scan::frontend/src/components/FlAccountabilityWidget.jsx:69,FAIL
FlAccountabilityWidget,Shared Operator Component,Loading employee snapshot…,snapshot,OPERATOR_FACING,saved update,static_scan::frontend/src/components/FlAccountabilityWidget.jsx:80,FAIL
Forecasting & Commitments shared workspace,Executive / PM / Admin / Field,Governance,governance,OPERATOR_FACING,oversight,static_scan::frontend/src/components/project_controls/ForecastingCommitmentsWorkspace.jsx:318,FAIL
Forecasting & Commitments shared workspace,Executive / PM / Admin / Field,No scenario comparison rows are available for this snapshot.,snapshot,OPERATOR_FACING,saved update,static_scan::frontend/src/components/project_controls/ForecastingCommitmentsWorkspace.jsx:326,FAIL
MotiveOpsIntelPanel,Shared Operator Component,Live Operations Snapshot,snapshot,OPERATOR_FACING,saved update,static_scan::frontend/src/components/MotiveOpsIntelPanel.jsx:160,FAIL
MyAssignedProjectsWidget,Shared Operator Component,Operations support,operations support,OPERATOR_FACING,project support,static_scan::frontend/src/components/team/MyAssignedProjectsWidget.jsx:72,FAIL
OperationsTrustCenter,Shared Operator Component,Truth subject:,truth,OPERATOR_FACING,approved record,static_scan::frontend/src/components/OperationsTrustCenter.jsx:112,FAIL
OperationsTrustCenter,Shared Operator Component,The current scoring model did not surface action items. Trust Spine still remains the canonical owner for bounded trust claims.,canonical,OPERATOR_FACING,approved,static_scan::frontend/src/components/OperationsTrustCenter.jsx:380,FAIL
PlatformTrustDashboard,Shared Operator Component,Truth subject,truth,OPERATOR_FACING,approved record,static_scan::frontend/src/components/PlatformTrustDashboard.jsx:100,FAIL
PlatformTrustDashboard,Shared Operator Component,Governance & Trust,governance,OPERATOR_FACING,oversight,static_scan::frontend/src/components/PlatformTrustDashboard.jsx:462,FAIL
PlatformTrustDashboard,Shared Operator Component,Governance & Trust,governance,OPERATOR_FACING,oversight,static_scan::frontend/src/components/PlatformTrustDashboard.jsx:481,FAIL
PlatformTrustDashboard,Shared Operator Component,Governance & Trust,governance,OPERATOR_FACING,oversight,static_scan::frontend/src/components/PlatformTrustDashboard.jsx:510,FAIL
PlatformTrustDashboard,Shared Operator Component,Workflow completion truth,truth,OPERATOR_FACING,approved record,static_scan::frontend/src/components/PlatformTrustDashboard.jsx:520,FAIL
PlatformTrustDashboard,Shared Operator Component,"This page is the source of truth for whether critical workflows actually completed, failed, or simply had no activity in the last 24 hours. A quiet workflow is shown as an evidence gap, not a false pass.",truth,OPERATOR_FACING,approved record,static_scan::frontend/src/components/PlatformTrustDashboard.jsx:524,FAIL
PmProjectFirstHome,Shared Operator Component,Operations support,operations support,OPERATOR_FACING,project support,static_scan::frontend/src/components/pm/command/PmProjectFirstHome.jsx:320,FAIL
PmProjectFirstHome,Shared Operator Component,Operations support,operations support,OPERATOR_FACING,project support,static_scan::frontend/src/components/pm/command/PmProjectFirstHome.jsx:321,FAIL
PmProjectFirstHome,Shared Operator Component,Section B · Field Truth,truth,OPERATOR_FACING,approved record,static_scan::frontend/src/components/pm/command/PmProjectFirstHome.jsx:463,FAIL
PmProjectFirstHome,Shared Operator Component,Operations support,operations support,OPERATOR_FACING,project support,static_scan::frontend/src/components/pm/command/PmProjectFirstHome.jsx:483,FAIL
PmProjectFirstHome,Shared Operator Component,Operations support,operations support,OPERATOR_FACING,project support,static_scan::frontend/src/components/pm/command/PmProjectFirstHome.jsx:528,FAIL
PmProjectFirstHome,Shared Operator Component,"Safety, equipment, and accountability items that block project work.",project work,OPERATOR_FACING,project details,static_scan::frontend/src/components/pm/command/PmProjectFirstHome.jsx:584,FAIL
PmShell,Shared Operator Component,"Track project work, blockers, due dates, and field coordination in one place.",project work,OPERATOR_FACING,project details,static_scan::frontend/src/components/PmShell.jsx:34,FAIL
Portfolio Intelligence shared workspace,Executive / PM / Admin,Projects still missing supporting records,supporting records,OPERATOR_FACING,where these numbers came from,static_scan::frontend/src/components/project_controls/PortfolioIntelligenceWorkspace.jsx:506,FAIL
PreDeploySnapshotPanel,Shared Operator Component,SNAPSHOT IN PROGRESS,snapshot,OPERATOR_FACING,saved update,static_scan::frontend/src/components/PreDeploySnapshotPanel.jsx:124,FAIL
PreDeploySnapshotPanel,Shared Operator Component,Pre-Deploy Snapshot,snapshot,OPERATOR_FACING,saved update,static_scan::frontend/src/components/PreDeploySnapshotPanel.jsx:174,FAIL
PreDeploySnapshotPanel,Shared Operator Component,Snapshot Now,snapshot,OPERATOR_FACING,saved update,static_scan::frontend/src/components/PreDeploySnapshotPanel.jsx:205,FAIL
PreDeploySnapshotPanel,Shared Operator Component,Checking snapshot freshness…,snapshot,OPERATOR_FACING,saved update,static_scan::frontend/src/components/PreDeploySnapshotPanel.jsx:98,FAIL
SafetyTrenchIntelligenceCard,Shared Operator Component,Latest Competent Person snapshot,snapshot,OPERATOR_FACING,saved update,static_scan::frontend/src/components/SafetyTrenchIntelligenceCard.jsx:217,FAIL
TenantBrandingPanel,Shared Operator Component,"Source-of-truth for sender / reply-to / support strings across email, PDFs, and help text. Source:",truth,OPERATOR_FACING,approved record,static_scan::frontend/src/components/TenantBrandingPanel.jsx:85,FAIL
domainMap,Shared Operator Component,New Truck Reconciliation,reconciliation,OPERATOR_FACING,review,static_scan::frontend/src/components/shop/sidebar/domainMap.js:88,FAIL
domainMap,Shared Operator Component,Reconciliation Records,reconciliation,OPERATOR_FACING,review,static_scan::frontend/src/components/shop/sidebar/domainMap.js:89,FAIL
dr_v2_pdf,Technical,canonical,canonical,OPERATOR_FACING,approved,static_scan::backend/routes/dr_v2_pdf.py:368,FAIL
dr_v2_pdf,Technical,Canonical approved Daily Reports list.,canonical,OPERATOR_FACING,approved,static_scan::backend/routes/dr_v2_pdf.py:388,FAIL
dr_v2_pdf,Technical,Canonical Daily Report PDF export.,canonical,OPERATOR_FACING,approved,static_scan::backend/routes/dr_v2_pdf.py:397,FAIL
dr_v2_pdf,Technical,canonical,canonical,OPERATOR_FACING,approved,static_scan::backend/routes/dr_v2_pdf.py:454,FAIL
oppc_briefings,Technical,Briefing warnings surface stale/missing source data without replacing calculated truth.,truth,OPERATOR_FACING,approved record,static_scan::backend/services/cost_codes/oppc_briefings.py:160,FAIL
oppc_briefings,Technical,No manual briefing-only data replaces schedule or health truth.,truth,OPERATOR_FACING,approved record,static_scan::backend/services/cost_codes/oppc_briefings.py:220,FAIL
useMapSnapshot,Technical,/operations-map/snapshot,snapshot,OPERATOR_FACING,saved update,static_scan::frontend/src/lib/operations-map/useMapSnapshot.js:17,FAIL
